date,open,high,low,close,adjclose,volume,predicted
2019-10-29 00:00:00+08:00,28.0,28.0,27.649999618530277,27.75,27.75,81339245,27.73482
2019-10-30 00:00:00+08:00,27.700000762939453,27.75,27.549999237060547,27.600000381469727,27.600000381469727,78019348,27.59914
2019-10-31 00:00:00+08:00,27.0,27.200000762939453,26.850000381469727,27.049999237060547,27.049999237060547,46923492,27.017025
2019-11-01 00:00:00+08:00,26.950000762939453,27.299999237060547,26.950000762939453,27.299999237060547,27.299999237060547,61181768,27.220213
2019-11-04 00:00:00+08:00,27.5,27.75,27.450000762939453,27.75,27.75,80437283,27.647512
2019-11-05 00:00:00+08:00,27.899999618530277,27.899999618530277,27.600000381469727,27.850000381469727,27.850000381469727,87727823,27.757833
2019-11-06 00:00:00+08:00,27.799999237060547,27.950000762939453,27.649999618530277,27.850000381469727,27.850000381469727,86210010,27.804459
2019-11-07 00:00:00+08:00,27.799999237060547,28.100000381469727,27.649999618530277,28.0,28.0,88562441,27.921349
2019-11-08 00:00:00+08:00,28.049999237060547,28.049999237060547,27.75,27.799999237060547,27.799999237060547,70597436,27.803621
2019-11-11 00:00:00+08:00,27.549999237060547,27.549999237060547,26.950000762939453,27.100000381469727,27.100000381469727,100573424,27.129261
2019-11-12 00:00:00+08:00,27.25,27.25,26.950000762939453,27.200000762939453,27.200000762939453,132943563,27.131287
2019-11-13 00:00:00+08:00,26.899999618530277,26.899999618530277,26.600000381469727,26.700000762939453,26.700000762939453,58659960,26.68057
2019-11-14 00:00:00+08:00,26.700000762939453,26.799999237060547,26.350000381469727,26.549999237060547,26.549999237060547,77051222,26.55711
2019-11-15 00:00:00+08:00,26.700000762939453,26.75,26.450000762939453,26.5,26.5,62294583,26.50331
2019-11-18 00:00:00+08:00,26.600000381469727,26.850000381469727,26.549999237060547,26.799999237060547,26.799999237060547,72785594,26.731554
2019-11-19 00:00:00+08:00,26.799999237060547,27.299999237060547,26.75,27.25,27.25,85571692,27.114353
2019-11-20 00:00:00+08:00,27.049999237060547,27.149999618530277,26.950000762939453,27.049999237060547,27.049999237060547,44435164,26.99952
2019-11-21 00:00:00+08:00,26.75,26.75,26.450000762939453,26.600000381469727,26.600000381469727,96333978,26.581642
2019-11-22 00:00:00+08:00,26.75,26.850000381469727,26.649999618530277,26.75,26.75,52534353,26.741173
2019-11-25 00:00:00+08:00,26.850000381469727,27.299999237060547,26.850000381469727,27.149999618530277,27.149999618530277,29884976,27.114618
2019-11-26 00:00:00+08:00,27.399999618530277,27.450000762939453,27.100000381469727,27.100000381469727,27.100000381469727,52343758,27.137802
2019-11-27 00:00:00+08:00,27.100000381469727,27.200000762939453,27.049999237060547,27.149999618530277,27.149999618530277,39484533,27.114248
2019-11-28 00:00:00+08:00,27.0,27.200000762939453,26.950000762939453,27.049999237060547,27.049999237060547,34769427,27.038746
2019-11-29 00:00:00+08:00,27.049999237060547,27.049999237060547,26.450000762939453,26.5,26.5,80370437,26.566786
2019-12-02 00:00:00+08:00,26.649999618530277,26.700000762939453,26.549999237060547,26.649999618530277,26.649999618530277,38406728,26.61655
2019-12-03 00:00:00+08:00,26.5,26.649999618530277,26.200000762939453,26.549999237060547,26.549999237060547,97660808,26.457144
2019-12-04 00:00:00+08:00,26.200000762939453,26.350000381469727,26.149999618530277,26.25,26.25,51298151,26.210733
2019-12-05 00:00:00+08:00,26.399999618530277,26.450000762939453,26.25,26.450000762939453,26.450000762939453,27618048,26.392275
2019-12-06 00:00:00+08:00,26.549999237060547,26.75,26.5,26.649999618530277,26.649999618530277,30535397,26.603697
2019-12-09 00:00:00+08:00,26.600000381469727,26.799999237060547,26.600000381469727,26.700000762939453,26.700000762939453,81210016,26.656174
2019-12-10 00:00:00+08:00,26.600000381469727,26.75,26.549999237060547,26.600000381469727,26.600000381469727,47959416,26.58618
2019-12-11 00:00:00+08:00,26.600000381469727,26.899999618530277,26.549999237060547,26.799999237060547,26.799999237060547,98854926,26.756092
2019-12-12 00:00:00+08:00,26.950000762939453,27.25,26.950000762939453,27.200000762939453,27.200000762939453,109595687,27.134695
2019-12-13 00:00:00+08:00,27.700000762939453,27.899999618530277,27.600000381469727,27.850000381469727,27.850000381469727,139479853,27.81207
2019-12-16 00:00:00+08:00,27.799999237060547,27.950000762939453,27.649999618530277,27.700000762939453,27.700000762939453,51941295,27.721773
2019-12-17 00:00:00+08:00,27.899999618530277,28.100000381469727,27.75,28.0,28.0,100498172,27.981522
2019-12-18 00:00:00+08:00,28.049999237060547,28.200000762939453,27.950000762939453,28.049999237060547,28.049999237060547,107599518,28.01315
2019-12-19 00:00:00+08:00,28.149999618530277,28.149999618530277,27.850000381469727,28.0,28.0,46900379,27.964216
2019-12-20 00:00:00+08:00,28.0,28.200000762939453,27.950000762939453,28.149999618530277,28.149999618530277,92567777,28.092712
2019-12-23 00:00:00+08:00,28.200000762939453,28.200000762939453,28.0,28.100000381469727,28.100000381469727,65703353,28.03857
2019-12-24 00:00:00+08:00,28.100000381469727,28.149999618530277,27.950000762939453,28.0,28.0,35644521,27.991453
2019-12-27 00:00:00+08:00,28.299999237060547,28.450000762939453,28.200000762939453,28.399999618530277,28.399999618530277,36697521,28.337587
2019-12-30 00:00:00+08:00,28.450000762939453,28.649999618530277,28.350000381469727,28.549999237060547,28.549999237060547,85592063,28.468777
2019-12-31 00:00:00+08:00,28.549999237060547,28.549999237060547,28.549999237060547,28.549999237060547,28.549999237060547,0,28.506702
2020-01-02 00:00:00+08:00,28.5,28.75,28.399999618530277,28.700000762939453,28.700000762939453,95691454,28.632442
2020-01-03 00:00:00+08:00,29.0,29.100000381469727,28.600000381469727,28.649999618530277,28.649999618530277,112058550,28.675821
2020-01-06 00:00:00+08:00,28.450000762939453,28.600000381469727,28.200000762939453,28.450000762939453,28.450000762939453,107027624,28.393171
2020-01-07 00:00:00+08:00,28.549999237060547,28.700000762939453,28.399999618530277,28.450000762939453,28.450000762939453,54893927,28.491144
2020-01-08 00:00:00+08:00,28.100000381469727,28.399999618530277,28.0,28.25,28.25,142130403,28.204798
2020-01-09 00:00:00+08:00,28.549999237060547,28.799999237060547,28.5,28.799999237060547,28.799999237060547,67247491,28.717035
2020-01-10 00:00:00+08:00,28.850000381469727,28.899999618530277,28.649999618530277,28.799999237060547,28.799999237060547,69392727,28.748524
2020-01-13 00:00:00+08:00,28.899999618530277,29.200000762939453,28.850000381469727,29.149999618530277,29.149999618530277,102474373,29.080069
2020-01-14 00:00:00+08:00,29.350000381469727,29.350000381469727,29.0,29.049999237060547,29.049999237060547,120942370,29.043108
2020-01-15 00:00:00+08:00,29.100000381469727,29.200000762939453,28.799999237060547,28.950000762939453,28.950000762939453,86418877,28.947641
2020-01-16 00:00:00+08:00,29.0,29.200000762939453,28.899999618530277,29.0,29.0,85179535,29.009912
2020-01-17 00:00:00+08:00,29.149999618530277,29.299999237060547,29.0,29.200000762939453,29.200000762939453,49843734,29.147732
2020-01-20 00:00:00+08:00,29.299999237060547,29.350000381469727,28.950000762939453,28.950000762939453,28.950000762939453,89520667,28.995136
2020-01-21 00:00:00+08:00,28.799999237060547,28.799999237060547,28.149999618530277,28.149999618530277,28.149999618530277,155784590,28.23982
2020-01-22 00:00:00+08:00,28.299999237060547,28.600000381469727,28.100000381469727,28.549999237060547,28.549999237060547,110731679,28.458355
2020-01-23 00:00:00+08:00,28.25,28.299999237060547,27.850000381469727,28.0,28.0,143550990,27.986986
2020-01-24 00:00:00+08:00,28.0,28.149999618530277,27.950000762939453,28.100000381469727,28.100000381469727,32397568,28.094122
2020-01-29 00:00:00+08:00,27.25,27.549999237060547,27.25,27.299999237060547,27.299999237060547,101137185,27.341352
2020-01-30 00:00:00+08:00,27.200000762939453,27.350000381469727,26.5,26.649999618530277,26.649999618530277,106728215,26.76309
2020-01-31 00:00:00+08:00,26.899999618530277,27.0,26.450000762939453,26.5,26.5,98950650,26.599312
2020-02-03 00:00:00+08:00,26.399999618530277,26.700000762939453,26.299999237060547,26.5,26.5,120022848,26.510662
2020-02-04 00:00:00+08:00,26.649999618530277,26.899999618530277,26.600000381469727,26.850000381469727,26.850000381469727,114514463,26.822289
2020-02-05 00:00:00+08:00,27.049999237060547,27.100000381469727,26.799999237060547,26.950000762939453,26.950000762939453,143123827,26.955069
2020-02-06 00:00:00+08:00,27.100000381469727,27.850000381469727,27.100000381469727,27.700000762939453,27.700000762939453,151770178,27.639776
2020-02-07 00:00:00+08:00,27.5,27.600000381469727,27.399999618530277,27.549999237060547,27.549999237060547,86692761,27.498747
2020-02-10 00:00:00+08:00,27.25,27.5,27.200000762939453,27.399999618530277,27.399999618530277,104720360,27.414001
2020-02-11 00:00:00+08:00,27.649999618530277,27.899999618530277,27.600000381469727,27.75,27.75,86362866,27.758295
2020-02-12 00:00:00+08:00,27.899999618530277,28.100000381469727,27.799999237060547,28.049999237060547,28.049999237060547,94604806,27.993607
2020-02-13 00:00:00+08:00,28.049999237060547,28.100000381469727,27.850000381469727,27.950000762939453,27.950000762939453,54798571,27.933561
2020-02-14 00:00:00+08:00,27.899999618530277,28.200000762939453,27.899999618530277,28.0,28.0,55702178,28.021353
2020-02-17 00:00:00+08:00,28.0,28.25,27.950000762939453,28.149999618530277,28.149999618530277,115686010,28.097328
2020-02-18 00:00:00+08:00,27.950000762939453,27.950000762939453,27.700000762939453,27.700000762939453,27.700000762939453,83984895,27.70919
2020-02-19 00:00:00+08:00,27.75,27.950000762939453,27.700000762939453,27.850000381469727,27.850000381469727,105140351,27.852571
2020-02-20 00:00:00+08:00,27.950000762939453,28.0,27.549999237060547,27.75,27.75,62147226,27.713764
2020-02-21 00:00:00+08:00,27.600000381469727,27.649999618530277,27.450000762939453,27.5,27.5,60029737,27.49646
2020-02-24 00:00:00+08:00,27.350000381469727,27.350000381469727,26.950000762939453,27.049999237060547,27.049999237060547,169033039,27.053682
2020-02-25 00:00:00+08:00,26.899999618530277,27.100000381469727,26.850000381469727,27.100000381469727,27.100000381469727,122948061,27.019718
2020-02-26 00:00:00+08:00,26.700000762939453,26.950000762939453,26.649999618530277,26.950000762939453,26.950000762939453,144047975,26.876392
2020-02-27 00:00:00+08:00,26.75,27.149999618530277,26.649999618530277,27.149999618530277,27.149999618530277,136083225,27.029856
2020-02-28 00:00:00+08:00,26.5,26.600000381469727,26.200000762939453,26.450000762939453,26.450000762939453,185048108,26.381575
2020-03-02 00:00:00+08:00,26.350000381469727,26.700000762939453,26.350000381469727,26.649999618530277,26.649999618530277,95848245,26.60819
2020-03-03 00:00:00+08:00,27.0,27.0,26.5,26.600000381469727,26.600000381469727,102995570,26.645063
2020-03-04 00:00:00+08:00,26.600000381469727,26.700000762939453,26.25,26.549999237060547,26.549999237060547,91543405,26.472307
2020-03-05 00:00:00+08:00,26.600000381469727,27.100000381469727,26.549999237060547,27.049999237060547,27.049999237060547,97493042,26.925047
2020-03-06 00:00:00+08:00,26.75,26.75,26.299999237060547,26.5,26.5,60076836,26.432411
2020-03-09 00:00:00+08:00,26.450000762939453,26.450000762939453,26.450000762939453,26.450000762939453,26.450000762939453,0,26.448072
2020-03-10 00:00:00+08:00,25.450000762939453,25.450000762939453,25.450000762939453,25.450000762939453,25.450000762939453,0,25.428242
2020-03-11 00:00:00+08:00,25.75,25.75,25.75,25.75,25.75,0,25.753517
2020-03-12 00:00:00+08:00,25.549999237060547,25.549999237060547,25.549999237060547,25.549999237060547,25.549999237060547,0,25.507105
2020-03-13 00:00:00+08:00,24.600000381469727,24.600000381469727,24.600000381469727,24.600000381469727,24.600000381469727,0,24.579939
2020-03-16 00:00:00+08:00,24.399999618530277,24.399999618530277,24.399999618530277,24.399999618530277,24.399999618530277,0,24.397902
2020-03-17 00:00:00+08:00,23.350000381469727,23.350000381469727,23.350000381469727,23.350000381469727,23.350000381469727,0,23.340002
2020-03-18 00:00:00+08:00,23.600000381469727,23.600000381469727,23.600000381469727,23.600000381469727,23.600000381469727,0,23.600237
2020-03-19 00:00:00+08:00,22.600000381469727,22.75,21.350000381469727,22.0,22.0,124290338,21.956335
2020-03-20 00:00:00+08:00,22.450000762939453,23.100000381469727,22.450000762939453,23.100000381469727,23.100000381469727,55333764,22.892359
2020-03-23 00:00:00+08:00,21.950000762939453,22.350000381469727,21.899999618530277,22.0,22.0,65169679,21.99449
2020-03-24 00:00:00+08:00,22.75,23.049999237060547,22.649999618530277,23.049999237060547,23.049999237060547,71232555,22.894108
2020-03-25 00:00:00+08:00,23.5,23.950000762939453,23.299999237060547,23.799999237060547,23.799999237060547,87995501,23.633211
2020-03-26 00:00:00+08:00,23.549999237060547,23.850000381469727,23.399999618530277,23.600000381469727,23.600000381469727,70464827,23.484558
2020-03-27 00:00:00+08:00,24.100000381469727,24.149999618530277,23.600000381469727,23.75,23.75,96234849,23.70599
2020-03-30 00:00:00+08:00,23.25,23.75,23.200000762939453,23.399999618530277,23.399999618530277,112256740,23.337954
2020-03-31 00:00:00+08:00,23.799999237060547,23.950000762939453,23.5,23.850000381469727,23.850000381469727,60197538,23.726757
2020-04-01 00:00:00+08:00,23.549999237060547,23.850000381469727,23.149999618530277,23.299999237060547,23.299999237060547,79926471,23.32575
2020-04-02 00:00:00+08:00,23.0,23.5,22.950000762939453,23.5,23.5,44149742,23.306444
2020-04-03 00:00:00+08:00,23.399999618530277,23.5,23.25,23.450000762939453,23.450000762939453,34328247,23.353212
2020-04-06 00:00:00+08:00,23.799999237060547,24.100000381469727,23.5,23.950000762939453,23.950000762939453,44548477,23.83988
2020-04-07 00:00:00+08:00,24.299999237060547,24.549999237060547,24.0,24.5,24.5,89159307,24.34217
2020-04-08 00:00:00+08:00,24.350000381469727,24.450000762939453,24.049999237060547,24.200000762939453,24.200000762939453,69780885,24.171785
2020-04-09 00:00:00+08:00,24.399999618530277,24.600000381469727,24.25,24.5,24.5,68922530,24.468996
2020-04-14 00:00:00+08:00,24.5,24.799999237060547,24.5,24.700000762939453,24.700000762939453,43768033,24.683802
2020-04-15 00:00:00+08:00,24.75,24.899999618530277,24.25,24.299999237060547,24.299999237060547,78414497,24.420263
2020-04-16 00:00:00+08:00,24.200000762939453,24.350000381469727,24.049999237060547,24.25,24.25,82430263,24.218946
2020-04-17 00:00:00+08:00,24.700000762939453,24.950000762939453,24.5,24.549999237060547,24.549999237060547,99014430,24.657347
2020-04-20 00:00:00+08:00,24.600000381469727,24.75,24.399999618530277,24.600000381469727,24.600000381469727,93356460,24.589468
2020-04-21 00:00:00+08:00,24.450000762939453,24.5,23.850000381469727,24.0,24.0,87513044,24.069632
2020-04-22 00:00:00+08:00,23.75,24.200000762939453,23.649999618530277,24.100000381469727,24.100000381469727,108986661,24.01248
2020-04-23 00:00:00+08:00,24.200000762939453,24.350000381469727,24.0,24.149999618530277,24.149999618530277,95814392,24.145323
2020-04-24 00:00:00+08:00,24.100000381469727,24.200000762939453,23.950000762939453,24.049999237060547,24.049999237060547,60422794,24.052366
2020-04-27 00:00:00+08:00,24.299999237060547,24.600000381469727,24.299999237060547,24.5,24.5,70193900,24.476786
2020-04-28 00:00:00+08:00,24.549999237060547,24.799999237060547,24.299999237060547,24.75,24.75,52651762,24.615976
2020-04-29 00:00:00+08:00,24.850000381469727,25.049999237060547,24.700000762939453,24.75,24.75,86205347,24.775461
2020-05-04 00:00:00+08:00,24.0,24.0,23.700000762939453,23.75,23.75,69311051,23.757845
2020-05-05 00:00:00+08:00,23.850000381469727,24.100000381469727,23.799999237060547,24.0,24.0,46857955,23.988995
2020-05-06 00:00:00+08:00,23.950000762939453,24.399999618530277,23.950000762939453,24.350000381469727,24.350000381469727,82705898,24.261316
2020-05-07 00:00:00+08:00,24.200000762939453,24.25,24.049999237060547,24.149999618530277,24.149999618530277,47857289,24.116547
2020-05-08 00:00:00+08:00,24.350000381469727,24.450000762939453,24.25,24.399999618530277,24.399999618530277,73225297,24.373468
2020-05-11 00:00:00+08:00,24.600000381469727,24.950000762939453,24.600000381469727,24.799999237060547,24.799999237060547,75152415,24.780878
2020-05-12 00:00:00+08:00,24.549999237060547,24.600000381469727,24.25,24.450000762939453,24.450000762939453,65784729,24.398323
2020-05-13 00:00:00+08:00,24.25,24.549999237060547,24.149999618530277,24.350000381469727,24.350000381469727,73324055,24.33524
2020-05-14 00:00:00+08:00,24.25,24.25,23.950000762939453,24.0,24.0,65820411,24.012777
2020-05-15 00:00:00+08:00,24.0,24.200000762939453,23.850000381469727,24.0,24.0,89797013,23.996477
2020-05-18 00:00:00+08:00,23.950000762939453,24.200000762939453,23.899999618530277,24.200000762939453,24.200000762939453,42696146,24.101824
2020-05-19 00:00:00+08:00,24.600000381469727,24.799999237060547,24.5,24.600000381469727,24.600000381469727,60472570,24.607975
2020-05-20 00:00:00+08:00,24.600000381469727,24.75,24.5,24.649999618530277,24.649999618530277,52810064,24.593948
2020-05-21 00:00:00+08:00,24.700000762939453,24.75,24.399999618530277,24.450000762939453,24.450000762939453,64763338,24.465704
2020-05-22 00:00:00+08:00,24.049999237060547,24.049999237060547,23.049999237060547,23.149999618530277,23.149999618530277,174610313,23.269363
2020-05-25 00:00:00+08:00,23.0,23.25,22.75,23.149999618530277,23.149999618530277,110547335,23.050861
2020-05-26 00:00:00+08:00,23.399999618530277,23.75,23.399999618530277,23.649999618530277,23.649999618530277,149869942,23.634247
2020-05-27 00:00:00+08:00,23.75,23.75,23.350000381469727,23.5,23.5,96003774,23.48918
2020-05-28 00:00:00+08:00,23.350000381469727,23.700000762939453,23.0,23.350000381469727,23.350000381469727,208391411,23.303085
2020-05-29 00:00:00+08:00,23.0,23.350000381469727,23.0,23.200000762939453,23.200000762939453,155968233,23.125967
2020-06-01 00:00:00+08:00,23.799999237060547,24.1200008392334,23.799999237060547,23.979999542236328,23.979999542236328,122753194,23.986408
2020-06-02 00:00:00+08:00,24.020000457763672,24.299999237060547,24.0,24.26000022888184,24.26000022888184,176613547,24.188211
2020-06-03 00:00:00+08:00,24.68000030517578,24.71999931335449,24.540000915527344,24.68000030517578,24.68000030517578,124125743,24.64178
2020-06-04 00:00:00+08:00,24.940000534057617,24.979999542236328,24.57999992370605,24.71999931335449,24.71999931335449,156556550,24.741108
2020-06-05 00:00:00+08:00,24.71999931335449,25.21999931335449,24.63999938964844,25.13999938964844,25.13999938964844,115610853,25.045843
2020-06-08 00:00:00+08:00,25.34000015258789,25.420000076293945,25.059999465942383,25.13999938964844,25.13999938964844,114933961,25.185114
2020-06-09 00:00:00+08:00,25.26000022888184,25.63999938964844,25.21999931335449,25.440000534057617,25.440000534057617,67431367,25.466318
2020-06-10 00:00:00+08:00,25.479999542236328,25.71999931335449,25.36000061035156,25.459999084472656,25.459999084472656,129640187,25.512518
2020-06-11 00:00:00+08:00,25.459999084472656,25.479999542236328,24.86000061035156,24.86000061035156,24.86000061035156,128960030,24.997442
2020-06-12 00:00:00+08:00,24.3799991607666,24.739999771118164,24.299999237060547,24.700000762939453,24.700000762939453,65212851,24.643633
2020-06-15 00:00:00+08:00,24.420000076293945,24.65999984741211,24.059999465942383,24.200000762939453,24.200000762939453,67236368,24.289017
2020-06-16 00:00:00+08:00,24.739999771118164,24.940000534057617,24.700000762939453,24.799999237060547,24.799999237060547,54592593,24.830523
2020-06-17 00:00:00+08:00,24.780000686645508,24.940000534057617,24.57999992370605,24.899999618530277,24.899999618530277,38810665,24.81319
2020-06-18 00:00:00+08:00,24.799999237060547,24.8799991607666,24.5,24.8799991607666,24.8799991607666,34244296,24.754593
2020-06-19 00:00:00+08:00,24.86000061035156,25.200000762939453,24.71999931335449,25.059999465942383,25.059999465942383,64024140,24.983753
2020-06-22 00:00:00+08:00,24.979999542236328,25.100000381469727,24.84000015258789,25.0,25.0,42924172,24.948065
2020-06-23 00:00:00+08:00,24.979999542236328,25.3799991607666,24.6200008392334,25.36000061035156,25.36000061035156,69170630,25.170202
2020-06-24 00:00:00+08:00,25.520000457763672,25.559999465942383,25.239999771118164,25.239999771118164,25.239999771118164,41065891,25.265541
2020-06-26 00:00:00+08:00,25.100000381469727,25.21999931335449,25.0,25.0,25.0,39282351,25.037373
2020-06-29 00:00:00+08:00,25.0,25.07999992370605,24.559999465942383,24.76000022888184,24.76000022888184,70949437,24.753462
2020-06-30 00:00:00+08:00,25.0,25.07999992370605,24.71999931335449,24.899999618530277,24.899999618530277,47687366,24.861473
2020-07-02 00:00:00+08:00,25.239999771118164,25.739999771118164,25.239999771118164,25.700000762939453,25.700000762939453,56071003,25.591522
2020-07-03 00:00:00+08:00,25.799999237060547,26.07999992370605,25.780000686645508,25.920000076293945,25.920000076293945,76449395,25.879715
2020-07-06 00:00:00+08:00,26.13999938964844,27.100000381469727,26.13999938964844,26.940000534057617,26.940000534057617,164419286,26.806343
2020-07-07 00:00:00+08:00,27.18000030517578,27.459999084472656,26.57999992370605,26.63999938964844,26.63999938964844,112920333,26.738512
2020-07-08 00:00:00+08:00,26.76000022888184,27.0,26.559999465942383,26.739999771118164,26.739999771118164,67476611,26.769848
2020-07-09 00:00:00+08:00,26.979999542236328,27.059999465942383,26.68000030517578,26.8799991607666,26.8799991607666,39781160,26.853016
2020-07-10 00:00:00+08:00,26.600000381469727,26.81999969482422,26.21999931335449,26.34000015258789,26.34000015258789,68037043,26.36834
2020-07-13 00:00:00+08:00,26.5,26.780000686645508,26.399999618530277,26.479999542236328,26.479999542236328,35898160,26.497074
2020-07-14 00:00:00+08:00,26.36000061035156,26.36000061035156,25.920000076293945,26.15999984741211,26.15999984741211,50108482,26.087305
2020-07-15 00:00:00+08:00,26.479999542236328,26.57999992370605,25.979999542236328,26.18000030517578,26.18000030517578,57137181,26.183853
2020-07-16 00:00:00+08:00,26.18000030517578,26.280000686645508,25.57999992370605,25.65999984741211,25.65999984741211,52858074,25.72138
2020-07-17 00:00:00+08:00,25.81999969482422,25.940000534057617,25.68000030517578,25.799999237060547,25.799999237060547,48186109,25.785587
2020-07-20 00:00:00+08:00,25.780000686645508,25.8799991607666,25.399999618530277,25.71999931335449,25.71999931335449,43464011,25.645405
2020-07-21 00:00:00+08:00,26.07999992370605,26.280000686645508,26.020000457763672,26.280000686645508,26.280000686645508,31669935,26.208933
2020-07-22 00:00:00+08:00,26.239999771118164,26.459999084472656,25.68000030517578,25.68000030517578,25.68000030517578,132662202,25.810192
2020-07-23 00:00:00+08:00,25.81999969482422,26.0,25.63999938964844,25.899999618530277,25.899999618530277,18536304,25.846004
2020-07-24 00:00:00+08:00,25.739999771118164,25.799999237060547,25.26000022888184,25.36000061035156,25.36000061035156,50411461,25.420937
2020-07-27 00:00:00+08:00,25.559999465942383,25.65999984741211,25.200000762939453,25.36000061035156,25.36000061035156,44898682,25.367863
2020-07-28 00:00:00+08:00,25.600000381469727,25.6200008392334,25.34000015258789,25.459999084472656,25.459999084472656,30236273,25.436325
2020-07-29 00:00:00+08:00,25.459999084472656,25.57999992370605,25.34000015258789,25.520000457763672,25.520000457763672,23270483,25.463474
2020-07-30 00:00:00+08:00,25.600000381469727,25.8799991607666,25.26000022888184,25.34000015258789,25.34000015258789,63944454,25.411806
2020-07-31 00:00:00+08:00,25.3799991607666,25.63999938964844,25.200000762939453,25.26000022888184,25.26000022888184,45245856,25.298332
2020-08-03 00:00:00+08:00,25.26000022888184,25.280000686645508,24.899999618530277,25.1200008392334,25.1200008392334,34523571,25.074503
2020-08-04 00:00:00+08:00,25.299999237060547,25.76000022888184,25.200000762939453,25.6200008392334,25.6200008392334,42005921,25.541891
2020-08-05 00:00:00+08:00,25.700000762939453,25.86000061035156,25.540000915527344,25.799999237060547,25.799999237060547,41502814,25.70222
2020-08-06 00:00:00+08:00,25.84000015258789,25.8799991607666,25.280000686645508,25.600000381469727,25.600000381469727,47394786,25.537493
2020-08-07 00:00:00+08:00,25.559999465942383,25.559999465942383,24.84000015258789,25.18000030517578,25.18000030517578,50509750,25.118652
2020-08-10 00:00:00+08:00,25.0,25.18000030517578,24.920000076293945,25.100000381469727,25.100000381469727,34776265,25.033129
2020-08-11 00:00:00+08:00,25.239999771118164,25.700000762939453,25.239999771118164,25.559999465942383,25.559999465942383,45879029,25.501076
2020-08-12 00:00:00+08:00,25.5,25.979999542236328,25.34000015258789,25.8799991607666,25.8799991607666,65729272,25.728554
2020-08-13 00:00:00+08:00,26.040000915527344,26.13999938964844,25.799999237060547,25.899999618530277,25.899999618530277,64156897,25.885216
2020-08-14 00:00:00+08:00,25.8799991607666,26.059999465942383,25.739999771118164,25.81999969482422,25.81999969482422,65480833,25.836662
2020-08-17 00:00:00+08:00,25.86000061035156,26.280000686645508,25.86000061035156,26.0,26.0,80995616,26.029556
2020-08-18 00:00:00+08:00,26.059999465942383,26.13999938964844,25.920000076293945,26.020000457763672,26.020000457763672,57547908,26.000639
2020-08-19 00:00:00+08:00,26.0,26.040000915527344,25.76000022888184,25.8799991607666,25.8799991607666,23154645,25.8753
2020-08-20 00:00:00+08:00,25.700000762939453,25.700000762939453,25.280000686645508,25.440000534057617,25.440000534057617,71184466,25.4239
2020-08-21 00:00:00+08:00,25.600000381469727,25.8799991607666,25.559999465942383,25.780000686645508,25.780000686645508,55746563,25.73137
2020-08-24 00:00:00+08:00,25.979999542236328,26.26000022888184,25.979999542236328,26.18000030517578,26.18000030517578,88492781,26.134668
2020-08-25 00:00:00+08:00,26.280000686645508,26.299999237060547,26.040000915527344,26.15999984741211,26.15999984741211,61338340,26.132841
2020-08-26 00:00:00+08:00,26.18000030517578,26.299999237060547,26.020000457763672,26.1200008392334,26.1200008392334,36487012,26.129404
2020-08-27 00:00:00+08:00,26.15999984741211,26.21999931335449,25.8799991607666,25.959999084472656,25.959999084472656,55921651,25.972887
2020-08-28 00:00:00+08:00,25.940000534057617,26.5,25.940000534057617,26.1200008392334,26.1200008392334,97626559,26.154644
2020-08-31 00:00:00+08:00,26.299999237060547,26.559999465942383,25.84000015258789,25.84000015258789,25.84000015258789,95589601,25.965944
2020-09-01 00:00:00+08:00,25.899999618530277,26.0,25.63999938964844,25.8799991607666,25.8799991607666,63275147,25.837572
2020-09-02 00:00:00+08:00,25.899999618530277,25.979999542236328,25.63999938964844,25.81999969482422,25.81999969482422,79730594,25.797422
2020-09-03 00:00:00+08:00,25.780000686645508,25.979999542236328,25.57999992370605,25.71999931335449,25.71999931335449,66067349,25.7208
2020-09-04 00:00:00+08:00,25.479999542236328,25.600000381469727,25.21999931335449,25.520000457763672,25.520000457763672,142764473,25.43161
2020-09-07 00:00:00+08:00,25.3799991607666,25.65999984741211,25.239999771118164,25.440000534057617,25.440000534057617,92890901,25.421644
2020-09-08 00:00:00+08:00,25.520000457763672,25.540000915527344,25.07999992370605,25.3799991607666,25.3799991607666,109910470,25.324308
2020-09-09 00:00:00+08:00,25.100000381469727,25.280000686645508,24.959999084472656,25.239999771118164,25.239999771118164,105657537,25.154736
2020-09-10 00:00:00+08:00,25.399999618530277,25.399999618530277,25.059999465942383,25.13999938964844,25.13999938964844,45830875,25.156305
2020-09-11 00:00:00+08:00,25.13999938964844,25.34000015258789,25.040000915527344,25.26000022888184,25.26000022888184,46624013,25.204344
2020-09-14 00:00:00+08:00,25.34000015258789,25.520000457763672,25.299999237060547,25.399999618530277,25.399999618530277,45188327,25.368048
2020-09-15 00:00:00+08:00,25.3799991607666,25.57999992370605,25.36000061035156,25.520000457763672,25.520000457763672,45849724,25.466133
2020-09-16 00:00:00+08:00,25.540000915527344,25.63999938964844,25.420000076293945,25.479999542236328,25.479999542236328,40006217,25.476326
2020-09-17 00:00:00+08:00,25.399999618530277,25.479999542236328,25.020000457763672,25.1200008392334,25.1200008392334,64867486,25.149935
2020-09-18 00:00:00+08:00,25.239999771118164,25.26000022888184,25.07999992370605,25.239999771118164,25.239999771118164,48822387,25.188112
2020-09-21 00:00:00+08:00,25.239999771118164,25.36000061035156,24.700000762939453,24.71999931335449,24.71999931335449,124941905,24.837688
2020-09-22 00:00:00+08:00,24.6200008392334,24.68000030517578,24.440000534057617,24.5,24.5,93247378,24.508232
2020-09-23 00:00:00+08:00,24.479999542236328,24.57999992370605,24.31999969482422,24.520000457763672,24.520000457763672,91849416,24.491442
2020-09-24 00:00:00+08:00,24.34000015258789,24.36000061035156,23.979999542236328,24.1200008392334,24.1200008392334,134397017,24.114315
2020-09-25 00:00:00+08:00,24.21999931335449,24.280000686645508,23.899999618530277,24.059999465942383,24.059999465942383,77083932,24.04492
2020-09-28 00:00:00+08:00,24.239999771118164,24.299999237060547,24.020000457763672,24.280000686645508,24.280000686645508,79254256,24.189646
2020-09-29 00:00:00+08:00,24.34000015258789,24.34000015258789,24.020000457763672,24.07999992370605,24.07999992370605,70395345,24.065418
2020-09-30 00:00:00+08:00,24.200000762939453,24.57999992370605,24.13999938964844,24.280000686645508,24.280000686645508,56320305,24.276035
2020-10-05 00:00:00+08:00,24.71999931335449,24.71999931335449,24.440000534057617,24.520000457763672,24.520000457763672,52447556,24.492874
2020-10-06 00:00:00+08:00,24.6200008392334,24.799999237060547,24.6200008392334,24.780000686645508,24.780000686645508,41529205,24.712093
2020-10-07 00:00:00+08:00,24.780000686645508,25.059999465942383,24.700000762939453,25.059999465942383,25.059999465942383,51322696,24.944384
2020-10-08 00:00:00+08:00,25.040000915527344,25.040000915527344,24.799999237060547,24.940000534057617,24.940000534057617,74046496,24.887506
2020-10-09 00:00:00+08:00,25.100000381469727,25.13999938964844,24.84000015258789,24.979999542236328,24.979999542236328,30779128,24.968138
2020-10-12 00:00:00+08:00,25.020000457763672,25.520000457763672,24.979999542236328,25.479999542236328,25.479999542236328,47534936,25.369959
2020-10-14 00:00:00+08:00,25.559999465942383,25.559999465942383,25.280000686645508,25.420000076293945,25.420000076293945,49829090,25.371994
2020-10-15 00:00:00+08:00,25.3799991607666,25.3799991607666,24.8799991607666,24.899999618530277,24.899999618530277,79376147,24.97502
2020-10-16 00:00:00+08:00,25.040000915527344,25.26000022888184,25.0,25.200000762939453,25.200000762939453,52032884,25.15781
2020-10-19 00:00:00+08:00,25.299999237060547,25.57999992370605,25.26000022888184,25.31999969482422,25.31999969482422,54672234,25.356976
2020-10-20 00:00:00+08:00,25.31999969482422,25.399999618530277,25.239999771118164,25.34000015258789,25.34000015258789,66273751,25.306904
2020-10-21 00:00:00+08:00,25.559999465942383,25.65999984741211,25.420000076293945,25.540000915527344,25.540000915527344,83432750,25.525246
2020-10-22 00:00:00+08:00,25.459999084472656,25.6200008392334,25.34000015258789,25.559999465942383,25.559999465942383,51803913,25.493315
2020-10-23 00:00:00+08:00,25.540000915527344,25.780000686645508,25.459999084472656,25.700000762939453,25.700000762939453,48713861,25.64415
2020-10-27 00:00:00+08:00,25.559999465942383,25.63999938964844,25.3799991607666,25.520000457763672,25.520000457763672,37362207,25.471577
2020-10-28 00:00:00+08:00,25.520000457763672,25.6200008392334,25.3799991607666,25.459999084472656,25.459999084472656,62531482,25.44905
2020-10-29 00:00:00+08:00,25.18000030517578,25.459999084472656,25.040000915527344,25.3799991607666,25.3799991607666,78352587,25.27954
2020-10-30 00:00:00+08:00,24.600000381469727,24.71999931335449,24.13999938964844,24.239999771118164,24.239999771118164,79283571,24.283243
2020-11-02 00:00:00+08:00,24.36000061035156,24.6200008392334,24.36000061035156,24.600000381469727,24.600000381469727,46754138,24.552858
2020-11-03 00:00:00+08:00,24.799999237060547,25.21999931335449,24.799999237060547,25.1200008392334,25.1200008392334,84218849,25.055452
2020-11-04 00:00:00+08:00,25.0,25.239999771118164,24.84000015258789,25.0,25.0,100126031,24.966434
2020-11-05 00:00:00+08:00,25.65999984741211,25.81999969482422,25.459999084472656,25.700000762939453,25.700000762939453,84654671,25.663635
2020-11-06 00:00:00+08:00,25.8799991607666,25.940000534057617,25.700000762939453,25.8799991607666,25.8799991607666,87980136,25.816484
2020-11-09 00:00:00+08:00,26.299999237060547,26.34000015258789,26.100000381469727,26.15999984741211,26.15999984741211,72290066,26.177597
2020-11-10 00:00:00+08:00,26.5,26.600000381469727,26.21999931335449,26.399999618530277,26.399999618530277,83898696,26.383574
2020-11-11 00:00:00+08:00,26.31999969482422,26.600000381469727,26.31999969482422,26.399999618530277,26.399999618530277,97636305,26.408892
2020-11-12 00:00:00+08:00,26.520000457763672,26.63999938964844,26.21999931335449,26.34000015258789,26.34000015258789,166116917,26.365849
2020-11-13 00:00:00+08:00,26.239999771118164,26.31999969482422,26.07999992370605,26.299999237060547,26.299999237060547,91234196,26.239231
2020-11-16 00:00:00+08:00,26.57999992370605,26.57999992370605,26.36000061035156,26.540000915527344,26.540000915527344,92118685,26.521347
2020-11-17 00:00:00+08:00,26.6200008392334,26.68000030517578,26.5,26.57999992370605,26.57999992370605,71577163,26.562935
2020-11-18 00:00:00+08:00,26.57999992370605,26.799999237060547,26.520000457763672,26.68000030517578,26.68000030517578,124478212,26.656733
2020-11-19 00:00:00+08:00,26.6200008392334,26.6200008392334,26.479999542236328,26.520000457763672,26.520000457763672,117289137,26.497396
2020-11-20 00:00:00+08:00,26.57999992370605,26.71999931335449,26.5,26.57999992370605,26.57999992370605,86855298,26.601107
2020-11-23 00:00:00+08:00,26.780000686645508,26.84000015258789,26.540000915527344,26.63999938964844,26.63999938964844,62833738,26.651594
2020-11-24 00:00:00+08:00,26.65999984741211,26.76000022888184,26.57999992370605,26.739999771118164,26.739999771118164,80822471,26.690191
2020-11-25 00:00:00+08:00,26.940000534057617,27.21999931335449,26.76000022888184,26.780000686645508,26.780000686645508,180749789,26.863571
2020-11-26 00:00:00+08:00,26.799999237060547,26.959999084472656,26.799999237060547,26.940000534057617,26.940000534057617,81798731,26.89524
2020-11-27 00:00:00+08:00,26.959999084472656,27.200000762939453,26.8799991607666,27.07999992370605,27.07999992370605,91551465,27.088768
2020-11-30 00:00:00+08:00,27.040000915527344,27.100000381469727,26.520000457763672,26.559999465942383,26.559999465942383,70778729,26.637056
2020-12-01 00:00:00+08:00,26.600000381469727,26.81999969482422,26.559999465942383,26.71999931335449,26.71999931335449,138963572,26.70518
2020-12-02 00:00:00+08:00,26.71999931335449,26.780000686645508,26.520000457763672,26.68000030517578,26.68000030517578,126219020,26.63171
2020-12-03 00:00:00+08:00,26.71999931335449,26.979999542236328,26.71999931335449,26.899999618530277,26.899999618530277,142320347,26.892319
2020-12-04 00:00:00+08:00,26.920000076293945,27.0,26.81999969482422,26.979999542236328,26.979999542236328,110577585,26.937197
2020-12-07 00:00:00+08:00,26.959999084472656,26.959999084472656,26.420000076293945,26.6200008392334,26.6200008392334,207037986,26.632063
2020-12-08 00:00:00+08:00,26.6200008392334,26.6200008392334,26.440000534057617,26.459999084472656,26.459999084472656,61081291,26.471954
2020-12-09 00:00:00+08:00,26.57999992370605,26.86000061035156,26.57999992370605,26.68000030517578,26.68000030517578,100417252,26.72685
2020-12-10 00:00:00+08:00,26.57999992370605,26.6200008392334,26.440000534057617,26.600000381469727,26.600000381469727,51166053,26.518064
2020-12-11 00:00:00+08:00,26.700000762939453,26.8799991607666,26.6200008392334,26.700000762939453,26.700000762939453,83817969,26.711796
2020-12-14 00:00:00+08:00,26.700000762939453,26.700000762939453,26.479999542236328,26.57999992370605,26.57999992370605,106098005,26.535185
2020-12-15 00:00:00+08:00,26.559999465942383,26.559999465942383,26.280000686645508,26.399999618530277,26.399999618530277,108816090,26.387531
2020-12-16 00:00:00+08:00,26.5,26.68000030517578,26.479999542236328,26.68000030517578,26.68000030517578,65183729,26.636564
2020-12-17 00:00:00+08:00,26.68000030517578,26.86000061035156,26.57999992370605,26.86000061035156,26.86000061035156,76375643,26.783392
2020-12-18 00:00:00+08:00,26.799999237060547,26.81999969482422,26.520000457763672,26.600000381469727,26.600000381469727,90258555,26.596413
2020-12-21 00:00:00+08:00,26.600000381469727,26.68000030517578,26.440000534057617,26.459999084472656,26.459999084472656,65747097,26.490635
2020-12-22 00:00:00+08:00,26.420000076293945,26.540000915527344,26.15999984741211,26.299999237060547,26.299999237060547,80171852,26.30168
2020-12-23 00:00:00+08:00,26.26000022888184,26.520000457763672,26.239999771118164,26.520000457763672,26.520000457763672,54078882,26.43446
2020-12-24 00:00:00+08:00,26.600000381469727,26.600000381469727,26.600000381469727,26.600000381469727,26.600000381469727,0,26.572527
2020-12-28 00:00:00+08:00,26.57999992370605,26.700000762939453,26.459999084472656,26.479999542236328,26.479999542236328,96582169,26.501616
2020-12-29 00:00:00+08:00,26.6200008392334,26.780000686645508,26.600000381469727,26.739999771118164,26.739999771118164,73601104,26.681894
2020-12-30 00:00:00+08:00,26.799999237060547,27.36000061035156,26.799999237060547,27.34000015258789,27.34000015258789,154202172,27.219202
2020-12-31 00:00:00+08:00,27.440000534057617,27.440000534057617,27.440000534057617,27.440000534057617,27.440000534057617,0,27.399874
2021-01-04 00:00:00+08:00,27.36000061035156,27.68000030517578,27.31999969482422,27.63999938964844,27.63999938964844,228402605,27.603987
2021-01-05 00:00:00+08:00,27.479999542236328,27.8799991607666,27.34000015258789,27.739999771118164,27.739999771118164,139782911,27.618547
2021-01-06 00:00:00+08:00,27.799999237060547,27.940000534057617,27.57999992370605,27.84000015258789,27.84000015258789,145424037,27.804468
2021-01-07 00:00:00+08:00,27.84000015258789,27.920000076293945,27.6200008392334,27.700000762939453,27.700000762939453,134972086,27.705196
2021-01-08 00:00:00+08:00,27.71999931335449,28.1200008392334,27.71999931335449,28.020000457763672,28.020000457763672,137061944,27.971401
2021-01-11 00:00:00+08:00,28.1200008392334,28.34000015258789,27.920000076293945,28.1200008392334,28.1200008392334,181701554,28.07759
2021-01-12 00:00:00+08:00,28.0,28.440000534057617,27.940000534057617,28.399999618530277,28.399999618530277,93943696,28.270367
2021-01-13 00:00:00+08:00,28.399999618530277,28.559999465942383,28.31999969482422,28.399999618530277,28.399999618530277,83291762,28.386475
2021-01-14 00:00:00+08:00,28.520000457763672,28.68000030517578,28.440000534057617,28.63999938964844,28.63999938964844,68101095,28.572165
2021-01-15 00:00:00+08:00,28.600000381469727,28.84000015258789,28.479999542236328,28.780000686645508,28.780000686645508,119929592,28.676563
2021-01-18 00:00:00+08:00,28.57999992370605,29.020000457763672,28.559999465942383,29.0,29.0,113377041,28.858171
2021-01-19 00:00:00+08:00,29.21999931335449,30.07999992370605,29.21999931335449,29.799999237060547,29.799999237060547,199207037,29.742636
2021-01-20 00:00:00+08:00,29.799999237060547,30.15999984741211,29.799999237060547,30.07999992370605,30.07999992370605,109706843,29.976189
2021-01-21 00:00:00+08:00,30.1200008392334,30.34000015258789,29.959999084472656,30.059999465942383,30.059999465942383,141578283,30.123264
2021-01-22 00:00:00+08:00,30.0,30.059999465942383,29.57999992370605,29.6200008392334,29.6200008392334,115067230,29.657787
2021-01-25 00:00:00+08:00,29.81999969482422,30.36000061035156,29.81999969482422,30.280000686645508,30.280000686645508,87663207,30.20309
2021-01-26 00:00:00+08:00,30.100000381469727,30.13999938964844,29.520000457763672,29.559999465942383,29.559999465942383,149976152,29.554283
2021-01-27 00:00:00+08:00,29.6200008392334,29.799999237060547,29.3799991607666,29.459999084472656,29.459999084472656,95880766,29.495958
2021-01-28 00:00:00+08:00,29.1200008392334,29.31999969482422,28.600000381469727,28.700000762939453,28.700000762939453,247389991,28.760513
2021-01-29 00:00:00+08:00,28.899999618530277,29.07999992370605,28.420000076293945,28.459999084472656,28.459999084472656,141637546,28.572666
2021-02-01 00:00:00+08:00,28.540000915527344,29.15999984741211,28.540000915527344,29.059999465942383,29.059999465942383,129783654,29.002205
2021-02-02 00:00:00+08:00,29.26000022888184,29.65999984741211,29.26000022888184,29.420000076293945,29.420000076293945,81083580,29.419594
2021-02-03 00:00:00+08:00,29.479999542236328,29.479999542236328,29.1200008392334,29.459999084472656,29.459999084472656,95317398,29.356464
2021-02-04 00:00:00+08:00,29.31999969482422,29.57999992370605,28.940000534057617,29.239999771118164,29.239999771118164,107379704,29.215117
2021-02-05 00:00:00+08:00,29.459999084472656,29.65999984741211,29.34000015258789,29.479999542236328,29.479999542236328,174172378,29.480486
2021-02-08 00:00:00+08:00,29.71999931335449,29.8799991607666,29.440000534057617,29.5,29.5,152370247,29.561268
2021-02-09 00:00:00+08:00,29.540000915527344,29.700000762939453,29.440000534057617,29.57999992370605,29.57999992370605,106806595,29.604572
2021-02-10 00:00:00+08:00,29.86000061035156,30.280000686645508,29.86000061035156,30.26000022888184,30.26000022888184,102634411,30.217978
2021-02-11 00:00:00+08:00,30.31999969482422,30.31999969482422,30.31999969482422,30.31999969482422,30.31999969482422,0,30.280684
2021-02-16 00:00:00+08:00,30.71999931335449,30.979999542236328,30.68000030517578,30.899999618530277,30.899999618530277,146038534,30.905018
2021-02-17 00:00:00+08:00,30.700000762939453,31.34000015258789,30.63999938964844,31.239999771118164,31.239999771118164,156462589,31.037292
2021-02-18 00:00:00+08:00,31.299999237060547,31.299999237060547,30.71999931335449,30.780000686645508,30.780000686645508,278673260,30.810583
2021-02-19 00:00:00+08:00,30.700000762939453,30.86000061035156,30.26000022888184,30.799999237060547,30.799999237060547,176854354,30.64585
2021-02-22 00:00:00+08:00,31.020000457763672,31.18000030517578,30.440000534057617,30.520000457763672,30.520000457763672,170119979,30.621231
2021-02-23 00:00:00+08:00,30.399999618530277,31.13999938964844,30.34000015258789,30.799999237060547,30.799999237060547,139979605,30.740314
2021-02-24 00:00:00+08:00,31.0,31.0,29.739999771118164,29.8799991607666,29.8799991607666,340256196,29.96858
2021-02-25 00:00:00+08:00,30.239999771118164,30.6200008392334,30.0,30.31999969482422,30.31999969482422,260385453,30.291563
2021-02-26 00:00:00+08:00,29.700000762939453,29.76000022888184,29.18000030517578,29.21999931335449,29.21999931335449,265158847,29.282469
2021-03-01 00:00:00+08:00,29.540000915527344,29.68000030517578,29.36000061035156,29.57999992370605,29.57999992370605,63139114,29.621956
2021-03-02 00:00:00+08:00,29.739999771118164,29.920000076293945,29.1200008392334,29.239999771118164,29.239999771118164,307064616,29.352827
2021-03-03 00:00:00+08:00,29.299999237060547,30.100000381469727,29.299999237060547,30.0,30.0,144071549,29.848581
2021-03-04 00:00:00+08:00,29.57999992370605,29.76000022888184,29.26000022888184,29.420000076293945,29.420000076293945,159091833,29.442102
2021-03-05 00:00:00+08:00,29.0,29.559999465942383,28.700000762939453,29.239999771118164,29.239999771118164,259968152,29.231823
2021-03-08 00:00:00+08:00,29.57999992370605,29.57999992370605,28.600000381469727,28.739999771118164,28.739999771118164,92655836,28.869495
2021-03-09 00:00:00+08:00,28.86000061035156,29.239999771118164,28.559999465942383,28.959999084472656,28.959999084472656,136263489,29.010817
2021-03-10 00:00:00+08:00,29.299999237060547,29.34000015258789,28.940000534057617,29.13999938964844,29.13999938964844,65562530,29.129787
2021-03-11 00:00:00+08:00,29.18000030517578,29.68000030517578,29.18000030517578,29.57999992370605,29.57999992370605,77424032,29.56175
2021-03-12 00:00:00+08:00,29.799999237060547,29.799999237060547,28.979999542236328,29.0,29.0,93625000,29.129131
2021-03-15 00:00:00+08:00,29.15999984741211,29.420000076293945,28.899999618530277,29.1200008392334,29.1200008392334,123480221,29.17436
2021-03-16 00:00:00+08:00,29.31999969482422,29.3799991607666,29.1200008392334,29.26000022888184,29.26000022888184,82439909,29.260675
2021-03-17 00:00:00+08:00,29.280000686645508,29.440000534057617,29.040000915527344,29.299999237060547,29.299999237060547,107180831,29.301065
2021-03-18 00:00:00+08:00,29.57999992370605,29.84000015258789,29.57999992370605,29.65999984741211,29.65999984741211,115320699,29.711958
2021-03-19 00:00:00+08:00,29.479999542236328,29.520000457763672,29.0,29.18000030517578,29.18000030517578,65560557,29.185095
2021-03-22 00:00:00+08:00,29.07999992370605,29.399999618530277,29.059999465942383,29.100000381469727,29.100000381469727,52206663,29.19283
2021-03-23 00:00:00+08:00,29.18000030517578,29.26000022888184,28.6200008392334,28.799999237060547,28.799999237060547,130071848,28.8169
2021-03-24 00:00:00+08:00,28.71999931335449,28.76000022888184,28.059999465942383,28.1200008392334,28.1200008392334,73412137,28.207895
2021-03-25 00:00:00+08:00,27.979999542236328,28.26000022888184,27.780000686645508,28.15999984741211,28.15999984741211,75622007,28.105381
2021-03-26 00:00:00+08:00,28.26000022888184,28.68000030517578,28.26000022888184,28.559999465942383,28.559999465942383,60283922,28.506037
2021-03-29 00:00:00+08:00,28.559999465942383,28.76000022888184,28.3799991607666,28.6200008392334,28.6200008392334,71440110,28.561531
2021-03-30 00:00:00+08:00,28.68000030517578,28.979999542236328,28.63999938964844,28.81999969482422,28.81999969482422,70138159,28.81104
2021-03-31 00:00:00+08:00,29.0,29.040000915527344,28.600000381469727,28.65999984741211,28.65999984741211,51539018,28.699568
2021-04-01 00:00:00+08:00,28.81999969482422,29.21999931335449,28.76000022888184,29.15999984741211,29.15999984741211,119073490,29.094984
2021-04-07 00:00:00+08:00,29.31999969482422,29.36000061035156,28.86000061035156,28.899999618530277,28.899999618530277,70149604,28.932882
2021-04-08 00:00:00+08:00,28.76000022888184,29.34000015258789,28.76000022888184,29.280000686645508,29.280000686645508,61542723,29.199282
2021-04-09 00:00:00+08:00,29.31999969482422,29.31999969482422,28.86000061035156,29.0,29.0,109682038,28.97006
2021-04-12 00:00:00+08:00,29.0,29.059999465942383,28.540000915527344,28.63999938964844,28.63999938964844,92656958,28.681934
2021-04-13 00:00:00+08:00,28.780000686645508,29.13999938964844,28.700000762939453,28.920000076293945,28.920000076293945,97292551,28.920485
2021-04-14 00:00:00+08:00,29.0,29.26000022888184,28.940000534057617,29.200000762939453,29.200000762939453,111558109,29.12393
2021-04-15 00:00:00+08:00,29.13999938964844,29.13999938964844,28.780000686645508,29.020000457763672,29.020000457763672,74662090,28.947325
2021-04-16 00:00:00+08:00,29.07999992370605,29.34000015258789,28.959999084472656,29.239999771118164,29.239999771118164,138701013,29.196938
2021-04-19 00:00:00+08:00,29.239999771118164,29.600000381469727,29.040000915527344,29.3799991607666,29.3799991607666,68458582,29.300941
2021-04-20 00:00:00+08:00,29.200000762939453,29.479999542236328,29.1200008392334,29.36000061035156,29.36000061035156,82873525,29.311186
2021-04-21 00:00:00+08:00,29.020000457763672,29.020000457763672,28.76000022888184,28.899999618530277,28.899999618530277,113423937,28.844954
2021-04-22 00:00:00+08:00,28.979999542236328,29.100000381469727,28.86000061035156,29.0,29.0,111073126,28.990545
2021-04-23 00:00:00+08:00,29.0,29.3799991607666,29.0,29.36000061035156,29.36000061035156,66272214,29.268856
2021-04-26 00:00:00+08:00,29.36000061035156,29.540000915527344,29.18000030517578,29.21999931335449,29.21999931335449,96886088,29.255985
2021-04-27 00:00:00+08:00,29.15999984741211,29.31999969482422,29.100000381469727,29.15999984741211,29.15999984741211,84068362,29.168242
2021-04-28 00:00:00+08:00,29.200000762939453,29.34000015258789,29.15999984741211,29.34000015258789,29.34000015258789,69781158,29.294703
2021-04-29 00:00:00+08:00,29.34000015258789,29.57999992370605,29.31999969482422,29.459999084472656,29.459999084472656,86663710,29.441582
2021-04-30 00:00:00+08:00,29.26000022888184,29.280000686645508,28.799999237060547,28.799999237060547,28.799999237060547,92409350,28.860538
2021-05-03 00:00:00+08:00,28.86000061035156,28.86000061035156,28.399999618530277,28.479999542236328,28.479999542236328,127876293,28.54341
2021-05-04 00:00:00+08:00,28.5,28.780000686645508,28.479999542236328,28.780000686645508,28.780000686645508,64161714,28.707474
2021-05-05 00:00:00+08:00,28.600000381469727,28.86000061035156,28.5,28.63999938964844,28.63999938964844,76845974,28.643475
2021-05-06 00:00:00+08:00,28.739999771118164,28.959999084472656,28.540000915527344,28.780000686645508,28.780000686645508,109670006,28.752695
2021-05-07 00:00:00+08:00,28.940000534057617,29.059999465942383,28.71999931335449,28.81999969482422,28.81999969482422,136163189,28.824394
2021-05-10 00:00:00+08:00,28.959999084472656,29.040000915527344,28.63999938964844,28.739999771118164,28.739999771118164,54038944,28.76993
2021-05-11 00:00:00+08:00,28.440000534057617,28.440000534057617,28.07999992370605,28.1200008392334,28.1200008392334,213603503,28.1726
2021-05-12 00:00:00+08:00,28.18000030517578,28.399999618530277,28.059999465942383,28.399999618530277,28.399999618530277,223281629,28.332151
2021-05-13 00:00:00+08:00,28.100000381469727,28.239999771118164,27.899999618530277,27.979999542236328,27.979999542236328,153172831,28.02028
2021-05-14 00:00:00+08:00,28.100000381469727,28.26000022888184,27.899999618530277,28.200000762939453,28.200000762939453,132378939,28.194921
2021-05-17 00:00:00+08:00,28.299999237060547,28.459999084472656,28.239999771118164,28.3799991607666,28.3799991607666,142414904,28.36285
2021-05-18 00:00:00+08:00,28.520000457763672,28.84000015258789,28.520000457763672,28.780000686645508,28.780000686645508,99167757,28.736925
2021-05-20 00:00:00+08:00,28.520000457763672,28.700000762939453,28.479999542236328,28.6200008392334,28.6200008392334,121690206,28.579937
2021-05-21 00:00:00+08:00,28.71999931335449,28.780000686645508,28.5,28.63999938964844,28.63999938964844,147652140,28.63173
2021-05-24 00:00:00+08:00,28.63999938964844,28.68000030517578,28.420000076293945,28.65999984741211,28.65999984741211,54810736,28.584526
2021-05-25 00:00:00+08:00,28.700000762939453,29.200000762939453,28.700000762939453,29.18000030517578,29.18000030517578,122001934,29.094242
2021-05-26 00:00:00+08:00,29.21999931335449,29.559999465942383,29.21999931335449,29.3799991607666,29.3799991607666,164987331,29.337542
2021-05-27 00:00:00+08:00,29.3799991607666,29.459999084472656,29.26000022888184,29.3799991607666,29.3799991607666,168068872,29.360086
2021-05-28 00:00:00+08:00,29.440000534057617,29.65999984741211,29.36000061035156,29.420000076293945,29.420000076293945,118076804,29.478138
2021-05-31 00:00:00+08:00,29.420000076293945,29.459999084472656,29.21999931335449,29.399999618530277,29.399999618530277,112240105,29.359953
2021-06-01 00:00:00+08:00,29.399999618530277,29.799999237060547,29.36000061035156,29.780000686645508,29.780000686645508,98728369,29.677025
2021-06-02 00:00:00+08:00,29.76000022888184,29.81999969482422,29.520000457763672,29.57999992370605,29.57999992370605,90801081,29.543718
2021-06-03 00:00:00+08:00,29.57999992370605,29.700000762939453,29.239999771118164,29.26000022888184,29.26000022888184,98427372,29.31428
2021-06-04 00:00:00+08:00,29.13999938964844,29.3799991607666,29.07999992370605,29.239999771118164,29.239999771118164,111515232,29.197693
2021-06-07 00:00:00+08:00,29.299999237060547,29.34000015258789,28.979999542236328,29.13999938964844,29.13999938964844,88395722,29.100014
2021-06-08 00:00:00+08:00,29.21999931335449,29.34000015258789,28.979999542236328,29.1200008392334,29.1200008392334,131938862,29.111307
2021-06-09 00:00:00+08:00,29.13999938964844,29.200000762939453,29.020000457763672,29.100000381469727,29.100000381469727,55672011,29.069447
2021-06-10 00:00:00+08:00,29.100000381469727,29.299999237060547,29.0,29.07999992370605,29.07999992370605,85369409,29.111778
2021-06-11 00:00:00+08:00,29.15999984741211,29.31999969482422,29.07999992370605,29.200000762939453,29.200000762939453,90191570,29.171362
2021-06-15 00:00:00+08:00,29.26000022888184,29.26000022888184,28.799999237060547,29.0,29.0,108019194,28.97235
2021-06-16 00:00:00+08:00,29.0,29.0,28.780000686645508,28.799999237060547,28.799999237060547,72146050,28.82115
2021-06-17 00:00:00+08:00,28.65999984741211,28.8799991607666,28.540000915527344,28.8799991607666,28.8799991607666,85506564,28.799866
2021-06-18 00:00:00+08:00,28.899999618530277,29.18000030517578,28.86000061035156,29.15999984741211,29.15999984741211,120050435,29.0793
2021-06-21 00:00:00+08:00,28.920000076293945,28.959999084472656,28.700000762939453,28.86000061035156,28.86000061035156,128110956,28.804516
2021-06-22 00:00:00+08:00,28.940000534057617,28.940000534057617,28.63999938964844,28.65999984741211,28.65999984741211,72478803,28.725107
2021-06-23 00:00:00+08:00,28.799999237060547,29.280000686645508,28.780000686645508,29.21999931335449,29.21999931335449,98731810,29.15212
2021-06-24 00:00:00+08:00,29.21999931335449,29.36000061035156,29.15999984741211,29.280000686645508,29.280000686645508,82759202,29.219267
2021-06-25 00:00:00+08:00,29.36000061035156,29.700000762939453,29.34000015258789,29.6200008392334,29.6200008392334,97693380,29.582802
2021-06-28 00:00:00+08:00,29.63999938964844,29.76000022888184,29.63999938964844,29.63999938964844,29.63999938964844,30504304,29.629816
2021-06-29 00:00:00+08:00,29.63999938964844,29.68000030517578,29.34000015258789,29.420000076293945,29.420000076293945,88806525,29.440971
2021-06-30 00:00:00+08:00,29.479999542236328,29.559999465942383,29.239999771118164,29.239999771118164,29.239999771118164,53109935,29.266134
2021-07-02 00:00:00+08:00,29.239999771118164,29.239999771118164,28.68000030517578,28.739999771118164,28.739999771118164,119439414,28.79278
2021-07-05 00:00:00+08:00,28.700000762939453,28.780000686645508,28.520000457763672,28.63999938964844,28.63999938964844,103797915,28.615221
2021-07-06 00:00:00+08:00,28.63999938964844,28.63999938964844,28.34000015258789,28.559999465942383,28.559999465942383,135749753,28.506838
2021-07-07 00:00:00+08:00,28.479999542236328,28.540000915527344,28.26000022888184,28.540000915527344,28.540000915527344,122170518,28.453905
2021-07-08 00:00:00+08:00,28.399999618530277,28.440000534057617,27.63999938964844,27.739999771118164,27.739999771118164,196854803,27.841394
2021-07-09 00:00:00+08:00,27.739999771118164,28.0,27.399999618530277,27.940000534057617,27.940000534057617,124739519,27.82434
2021-07-12 00:00:00+08:00,28.13999938964844,28.239999771118164,27.940000534057617,28.100000381469727,28.100000381469727,112584027,28.092318
2021-07-13 00:00:00+08:00,28.200000762939453,28.559999465942383,28.15999984741211,28.479999542236328,28.479999542236328,129453937,28.43038
2021-07-14 00:00:00+08:00,28.440000534057617,28.440000534057617,28.21999931335449,28.299999237060547,28.299999237060547,136726760,28.281282
2021-07-15 00:00:00+08:00,28.299999237060547,28.71999931335449,28.280000686645508,28.5,28.5,129869836,28.52924
2021-07-16 00:00:00+08:00,28.420000076293945,28.76000022888184,28.3799991607666,28.600000381469727,28.600000381469727,174129857,28.5831
2021-07-19 00:00:00+08:00,28.280000686645508,28.280000686645508,27.920000076293945,28.0,28.0,129778315,28.028656
2021-07-20 00:00:00+08:00,27.899999618530277,28.07999992370605,27.63999938964844,27.76000022888184,27.76000022888184,195598372,27.84557
2021-07-21 00:00:00+08:00,27.899999618530277,27.899999618530277,27.479999542236328,27.76000022888184,27.76000022888184,206168694,27.716516
2021-07-22 00:00:00+08:00,27.959999084472656,28.299999237060547,27.959999084472656,28.239999771118164,28.239999771118164,96105716,28.22176
2021-07-23 00:00:00+08:00,28.239999771118164,28.239999771118164,27.739999771118164,27.86000061035156,27.86000061035156,142216153,27.893616
2021-07-26 00:00:00+08:00,27.5,27.5,26.700000762939453,26.700000762939453,26.700000762939453,304025928,26.845806
2021-07-27 00:00:00+08:00,26.540000915527344,26.86000061035156,25.26000022888184,25.65999984741211,25.65999984741211,392320825,25.833208
2021-07-28 00:00:00+08:00,26.0,26.040000915527344,25.36000061035156,26.040000915527344,26.040000915527344,224807879,25.90959
2021-07-29 00:00:00+08:00,26.6200008392334,26.86000061035156,26.36000061035156,26.84000015258789,26.84000015258789,287262714,26.814327
2021-07-30 00:00:00+08:00,26.559999465942383,26.68000030517578,26.15999984741211,26.520000457763672,26.520000457763672,170931870,26.415714
2021-08-02 00:00:00+08:00,26.559999465942383,26.84000015258789,26.280000686645508,26.71999931335449,26.71999931335449,132804970,26.653399
2021-08-03 00:00:00+08:00,26.739999771118164,26.780000686645508,26.299999237060547,26.68000030517578,26.68000030517578,163455490,26.548574
2021-08-04 00:00:00+08:00,26.6200008392334,27.15999984741211,26.520000457763672,26.940000534057617,26.940000534057617,104254517,26.871828
2021-08-05 00:00:00+08:00,26.920000076293945,27.07999992370605,26.63999938964844,26.71999931335449,26.71999931335449,139972359,26.756971
2021-08-06 00:00:00+08:00,26.71999931335449,26.799999237060547,26.5,26.700000762939453,26.700000762939453,141828729,26.683937
2021-08-09 00:00:00+08:00,26.5,27.040000915527344,26.420000076293945,26.76000022888184,26.76000022888184,110178501,26.778234
2021-08-10 00:00:00+08:00,26.940000534057617,27.1200008392334,26.63999938964844,27.07999992370605,27.07999992370605,202917571,27.005112
2021-08-11 00:00:00+08:00,27.0,27.34000015258789,26.940000534057617,27.13999938964844,27.13999938964844,158300464,27.157635
2021-08-12 00:00:00+08:00,27.13999938964844,27.21999931335449,26.899999618530277,26.979999542236328,26.979999542236328,123058958,27.051334
2021-08-13 00:00:00+08:00,26.8799991607666,27.059999465942383,26.71999931335449,26.899999618530277,26.899999618530277,155368775,26.925087
2021-08-16 00:00:00+08:00,26.8799991607666,26.979999542236328,26.57999992370605,26.71999931335449,26.71999931335449,58478965,26.740406
2021-08-17 00:00:00+08:00,26.700000762939453,26.780000686645508,26.13999938964844,26.26000022888184,26.26000022888184,174872152,26.337858
2021-08-18 00:00:00+08:00,26.31999969482422,26.540000915527344,26.239999771118164,26.3799991607666,26.3799991607666,169612853,26.36467
2021-08-19 00:00:00+08:00,26.299999237060547,26.36000061035156,25.739999771118164,25.84000015258789,25.84000015258789,216318363,25.91901
2021-08-20 00:00:00+08:00,25.84000015258789,25.84000015258789,25.1200008392334,25.3799991607666,25.3799991607666,249303762,25.414774
2021-08-23 00:00:00+08:00,25.68000030517578,26.020000457763672,25.57999992370605,25.68000030517578,25.68000030517578,152536673,25.764132
2021-08-24 00:00:00+08:00,25.979999542236328,26.239999771118164,25.899999618530277,26.239999771118164,26.239999771118164,130935414,26.175129
2021-08-25 00:00:00+08:00,26.420000076293945,26.559999465942383,26.13999938964844,26.26000022888184,26.26000022888184,103494422,26.267508
2021-08-26 00:00:00+08:00,26.13999938964844,26.280000686645508,25.84000015258789,25.979999542236328,25.979999542236328,105433988,25.971952
2021-08-27 00:00:00+08:00,25.979999542236328,26.239999771118164,25.899999618530277,25.959999084472656,25.959999084472656,43539144,25.984743
2021-08-30 00:00:00+08:00,25.979999542236328,26.15999984741211,25.780000686645508,26.100000381469727,26.100000381469727,28772276,26.010113
2021-08-31 00:00:00+08:00,26.07999992370605,26.420000076293945,25.700000762939453,26.420000076293945,26.420000076293945,91394001,26.203594
2021-09-01 00:00:00+08:00,26.399999618530277,26.68000030517578,26.26000022888184,26.600000381469727,26.600000381469727,186144619,26.493053
2021-09-02 00:00:00+08:00,26.71999931335449,26.979999542236328,26.600000381469727,26.700000762939453,26.700000762939453,127276466,26.74505
2021-09-03 00:00:00+08:00,26.57999992370605,26.700000762939453,26.440000534057617,26.540000915527344,26.540000915527344,32987358,26.581017
2021-09-06 00:00:00+08:00,26.540000915527344,26.799999237060547,26.459999084472656,26.76000022888184,26.76000022888184,69575356,26.72209
2021-09-07 00:00:00+08:00,26.799999237060547,27.07999992370605,26.71999931335449,26.979999542236328,26.979999542236328,123919910,26.910774
2021-09-08 00:00:00+08:00,26.979999542236328,27.18000030517578,26.799999237060547,26.899999618530277,26.899999618530277,125152959,26.910242
2021-09-09 00:00:00+08:00,26.71999931335449,26.76000022888184,26.280000686645508,26.34000015258789,26.34000015258789,75659942,26.399048
2021-09-10 00:00:00+08:00,26.479999542236328,26.86000061035156,26.479999542236328,26.84000015258789,26.84000015258789,170895552,26.782084
2021-09-13 00:00:00+08:00,26.540000915527344,26.540000915527344,26.21999931335449,26.459999084472656,26.459999084472656,202536124,26.356733
2021-09-14 00:00:00+08:00,26.479999542236328,26.559999465942383,26.020000457763672,26.15999984741211,26.15999984741211,185164908,26.221264
2021-09-15 00:00:00+08:00,26.0,26.07999992370605,25.63999938964844,25.780000686645508,25.780000686645508,204130999,25.805113
2021-09-16 00:00:00+08:00,25.700000762939453,25.700000762939453,25.15999984741211,25.36000061035156,25.36000061035156,127594016,25.374289
2021-09-17 00:00:00+08:00,25.299999237060547,25.57999992370605,25.07999992370605,25.57999992370605,25.57999992370605,84603738,25.447489
2021-09-20 00:00:00+08:00,25.34000015258789,25.34000015258789,24.520000457763672,24.76000022888184,24.76000022888184,292965897,24.751354
2021-09-21 00:00:00+08:00,24.559999465942383,24.920000076293945,24.440000534057617,24.86000061035156,24.86000061035156,218963432,24.731457
2021-09-23 00:00:00+08:00,25.18000030517578,25.479999542236328,24.959999084472656,25.18000030517578,25.18000030517578,187960886,25.218626
2021-09-24 00:00:00+08:00,25.100000381469727,25.280000686645508,24.71999931335449,24.86000061035156,24.86000061035156,83459287,24.902506
2021-09-27 00:00:00+08:00,24.799999237060547,25.15999984741211,24.799999237060547,24.81999969482422,24.81999969482422,104754659,24.889791
2021-09-28 00:00:00+08:00,24.899999618530277,25.31999969482422,24.8799991607666,25.1200008392334,25.1200008392334,235192042,25.08578
2021-09-29 00:00:00+08:00,24.979999542236328,25.36000061035156,24.700000762939453,25.31999969482422,25.31999969482422,212061623,25.148697
2021-09-30 00:00:00+08:00,25.15999984741211,25.31999969482422,25.0,25.21999931335449,25.21999931335449,71078931,25.199953
2021-10-04 00:00:00+08:00,25.15999984741211,25.15999984741211,24.559999465942383,24.71999931335449,24.71999931335449,149813771,24.79156
2021-10-05 00:00:00+08:00,24.440000534057617,24.86000061035156,24.36000061035156,24.76000022888184,24.76000022888184,180428381,24.676212
2021-10-06 00:00:00+08:00,24.8799991607666,24.8799991607666,24.459999084472656,24.6200008392334,24.6200008392334,242161618,24.632105
2021-10-07 00:00:00+08:00,24.940000534057617,25.420000076293945,24.940000534057617,25.36000061035156,25.36000061035156,71846188,25.317755
2021-10-08 00:00:00+08:00,25.6200008392334,25.63999938964844,25.280000686645508,25.479999542236328,25.479999542236328,258944983,25.481478
2021-10-11 00:00:00+08:00,25.700000762939453,26.100000381469727,25.700000762939453,25.940000534057617,25.940000534057617,126088908,25.927116
2021-10-12 00:00:00+08:00,25.700000762939453,25.84000015258789,25.540000915527344,25.600000381469727,25.600000381469727,144967252,25.653368
2021-10-15 00:00:00+08:00,25.81999969482422,25.979999542236328,25.57999992370605,25.979999542236328,25.979999542236328,198904310,25.903162
2021-10-18 00:00:00+08:00,26.07999992370605,26.100000381469727,25.780000686645508,26.100000381469727,26.100000381469727,169890340,26.00804
2021-10-19 00:00:00+08:00,26.15999984741211,26.5,26.13999938964844,26.440000534057617,26.440000534057617,109018342,26.414976
2021-10-20 00:00:00+08:00,26.65999984741211,26.8799991607666,26.559999465942383,26.81999969482422,26.81999969482422,168641518,26.788172
2021-10-21 00:00:00+08:00,26.799999237060547,26.899999618530277,26.5,26.6200008392334,26.6200008392334,203081360,26.63509
2021-10-22 00:00:00+08:00,26.76000022888184,26.84000015258789,26.63999938964844,26.76000022888184,26.76000022888184,114325908,26.769476
2021-10-25 00:00:00+08:00,26.68000030517578,26.8799991607666,26.57999992370605,26.780000686645508,26.780000686645508,63407691,26.776058
2021-10-26 00:00:00+08:00,26.8799991607666,26.8799991607666,26.559999465942383,26.68000030517578,26.68000030517578,112252731,26.679514
2021-10-27 00:00:00+08:00,26.440000534057617,26.440000534057617,26.21999931335449,26.280000686645508,26.280000686645508,100978240,26.265686
2021-10-28 00:00:00+08:00,26.280000686645508,26.399999618530277,26.1200008392334,26.18000030517578,26.18000030517578,133484358,26.217669
2021-10-29 00:00:00+08:00,25.63999938964844,25.63999938964844,25.440000534057617,25.520000457763672,25.520000457763672,119120618,25.50935
2021-11-01 00:00:00+08:00,25.420000076293945,25.440000534057617,25.100000381469727,25.299999237060547,25.299999237060547,119223633,25.30137
2021-11-02 00:00:00+08:00,25.63999938964844,25.76000022888184,25.15999984741211,25.299999237060547,25.299999237060547,118401062,25.36339
2021-11-03 00:00:00+08:00,25.18000030517578,25.31999969482422,24.920000076293945,25.15999984741211,25.15999984741211,126020555,25.105824
2021-11-04 00:00:00+08:00,25.26000022888184,25.3799991607666,25.1200008392334,25.3799991607666,25.3799991607666,80502478,25.29651
2021-11-05 00:00:00+08:00,25.1200008392334,25.18000030517578,24.84000015258789,25.07999992370605,25.07999992370605,158204889,25.002798
2021-11-08 00:00:00+08:00,24.979999542236328,24.979999542236328,24.799999237060547,24.959999084472656,24.959999084472656,155069948,24.890472
2021-11-09 00:00:00+08:00,25.059999465942383,25.100000381469727,24.81999969482422,24.959999084472656,24.959999084472656,83223048,24.946852
2021-11-10 00:00:00+08:00,24.899999618530277,25.15999984741211,24.600000381469727,25.15999984741211,25.15999984741211,208461285,25.003672
2021-11-11 00:00:00+08:00,25.020000457763672,25.479999542236328,24.940000534057617,25.440000534057617,25.440000534057617,92441060,25.283945
2021-11-12 00:00:00+08:00,25.65999984741211,25.65999984741211,25.34000015258789,25.5,25.5,105369599,25.473808
2021-11-15 00:00:00+08:00,25.559999465942383,25.600000381469727,25.36000061035156,25.559999465942383,25.559999465942383,91847053,25.483139
2021-11-16 00:00:00+08:00,25.600000381469727,25.899999618530277,25.540000915527344,25.799999237060547,25.799999237060547,106885999,25.736328
2021-11-17 00:00:00+08:00,25.739999771118164,25.799999237060547,25.63999938964844,25.780000686645508,25.780000686645508,136394741,25.710331
2021-11-18 00:00:00+08:00,25.520000457763672,25.559999465942383,25.36000061035156,25.399999618530277,25.399999618530277,125771052,25.40907
2021-11-19 00:00:00+08:00,25.100000381469727,25.21999931335449,24.940000534057617,25.18000030517578,25.18000030517578,156635814,25.132025
2021-11-22 00:00:00+08:00,25.200000762939453,25.26000022888184,25.020000457763672,25.100000381469727,25.100000381469727,90297639,25.115093
2021-11-23 00:00:00+08:00,24.86000061035156,24.959999084472656,24.739999771118164,24.81999969482422,24.81999969482422,125764402,24.82936
2021-11-24 00:00:00+08:00,24.8799991607666,25.0,24.700000762939453,24.86000061035156,24.86000061035156,91987875,24.835327
2021-11-25 00:00:00+08:00,24.81999969482422,24.920000076293945,24.65999984741211,24.920000076293945,24.920000076293945,120091303,24.828362
2021-11-26 00:00:00+08:00,24.68000030517578,24.68000030517578,24.200000762939453,24.26000022888184,24.26000022888184,127849172,24.291756
2021-11-29 00:00:00+08:00,24.1200008392334,24.299999237060547,23.899999618530277,24.13999938964844,24.13999938964844,209546164,24.097376
2021-11-30 00:00:00+08:00,24.100000381469727,24.100000381469727,23.299999237060547,23.6200008392334,23.6200008392334,228092887,23.610823
2021-12-01 00:00:00+08:00,23.71999931335449,24.020000457763672,23.700000762939453,23.84000015258789,23.84000015258789,69429514,23.85186
2021-12-02 00:00:00+08:00,23.739999771118164,23.959999084472656,23.65999984741211,23.959999084472656,23.959999084472656,120228802,23.876587
2021-12-03 00:00:00+08:00,23.8799991607666,23.959999084472656,23.57999992370605,23.920000076293945,23.920000076293945,137673000,23.777676
2021-12-06 00:00:00+08:00,23.600000381469727,23.780000686645508,23.459999084472656,23.5,23.5,156605173,23.496859
2021-12-07 00:00:00+08:00,23.81999969482422,24.13999938964844,23.65999984741211,24.13999938964844,24.13999938964844,119866887,24.00811
2021-12-08 00:00:00+08:00,24.200000762939453,24.21999931335449,24.040000915527344,24.15999984741211,24.15999984741211,87442525,24.111683
2021-12-09 00:00:00+08:00,24.299999237060547,24.459999084472656,24.299999237060547,24.3799991607666,24.3799991607666,85882002,24.372858
2021-12-10 00:00:00+08:00,24.21999931335449,24.3799991607666,24.059999465942383,24.1200008392334,24.1200008392334,116763136,24.138426
2021-12-13 00:00:00+08:00,24.36000061035156,24.520000457763672,24.07999992370605,24.13999938964844,24.13999938964844,104282674,24.204214
2021-12-14 00:00:00+08:00,23.84000015258789,23.959999084472656,23.71999931335449,23.76000022888184,23.76000022888184,109230893,23.789257
2021-12-15 00:00:00+08:00,23.81999969482422,23.8799991607666,23.479999542236328,23.57999992370605,23.57999992370605,119409660,23.631205
2021-12-16 00:00:00+08:00,23.520000457763672,23.68000030517578,23.299999237060547,23.65999984741211,23.65999984741211,188671973,23.574594
2021-12-17 00:00:00+08:00,23.63999938964844,23.63999938964844,23.299999237060547,23.34000015258789,23.34000015258789,172463532,23.388649
2021-12-20 00:00:00+08:00,23.21999931335449,23.299999237060547,22.81999969482422,22.899999618530277,22.899999618530277,120704654,22.975315
2021-12-21 00:00:00+08:00,22.920000076293945,23.21999931335449,22.8799991607666,23.100000381469727,23.100000381469727,144791716,23.070799
2021-12-22 00:00:00+08:00,23.31999969482422,23.3799991607666,23.1200008392334,23.200000762939453,23.200000762939453,61533742,23.190872
2021-12-23 00:00:00+08:00,23.299999237060547,23.399999618530277,23.18000030517578,23.34000015258789,23.34000015258789,96107039,23.279692
2021-12-24 00:00:00+08:00,23.399999618530277,23.399999618530277,23.399999618530277,23.399999618530277,23.399999618530277,0,23.351751
2021-12-28 00:00:00+08:00,23.399999618530277,23.459999084472656,23.239999771118164,23.420000076293945,23.420000076293945,89272826,23.348171
2021-12-29 00:00:00+08:00,23.3799991607666,23.3799991607666,23.13999938964844,23.200000762939453,23.200000762939453,103755282,23.176033
2021-12-30 00:00:00+08:00,23.21999931335449,23.399999618530277,23.1200008392334,23.280000686645508,23.280000686645508,177232854,23.266308
2021-12-31 00:00:00+08:00,23.559999465942383,23.559999465942383,23.559999465942383,23.559999465942383,23.559999465942383,0,23.583664
2022-01-03 00:00:00+08:00,23.65999984741211,23.76000022888184,23.34000015258789,23.399999618530277,23.399999618530277,100227198,23.491108
2022-01-04 00:00:00+08:00,23.520000457763672,23.57999992370605,23.280000686645508,23.440000534057617,23.440000534057617,74708335,23.39861
2022-01-05 00:00:00+08:00,23.440000534057617,23.440000534057617,23.0,23.040000915527344,23.040000915527344,149530742,23.092154
2022-01-06 00:00:00+08:00,23.0,23.21999931335449,22.86000061035156,23.21999931335449,23.21999931335449,116238361,23.115194
2022-01-07 00:00:00+08:00,23.399999618530277,23.65999984741211,23.280000686645508,23.63999938964844,23.63999938964844,169287010,23.561604
2022-01-10 00:00:00+08:00,23.6200008392334,23.920000076293945,23.540000915527344,23.84000015258789,23.84000015258789,187033452,23.774893
2022-01-11 00:00:00+08:00,23.81999969482422,24.0,23.700000762939453,23.86000061035156,23.86000061035156,139938734,23.843834
2022-01-12 00:00:00+08:00,24.1200008392334,24.520000457763672,24.1200008392334,24.5,24.5,193702156,24.433563
2022-01-13 00:00:00+08:00,24.63999938964844,24.68000030517578,24.440000534057617,24.559999465942383,24.559999465942383,136488810,24.531858
2022-01-14 00:00:00+08:00,24.299999237060547,24.520000457763672,24.280000686645508,24.479999542236328,24.479999542236328,163330265,24.44002
2022-01-17 00:00:00+08:00,24.479999542236328,24.540000915527344,24.239999771118164,24.34000015258789,24.34000015258789,133736058,24.346464
2022-01-18 00:00:00+08:00,24.3799991607666,24.540000915527344,24.15999984741211,24.26000022888184,24.26000022888184,121488166,24.300701
2022-01-19 00:00:00+08:00,24.26000022888184,24.420000076293945,24.100000381469727,24.21999931335449,24.21999931335449,86583949,24.231443
2022-01-20 00:00:00+08:00,24.36000061035156,25.100000381469727,24.36000061035156,25.07999992370605,25.07999992370605,120509638,24.931658
2022-01-21 00:00:00+08:00,25.0,25.1200008392334,24.8799991607666,25.059999465942383,25.059999465942383,68885753,24.991327
2022-01-24 00:00:00+08:00,24.899999618530277,24.940000534057617,24.71999931335449,24.799999237060547,24.799999237060547,112373404,24.817307
2022-01-25 00:00:00+08:00,24.36000061035156,24.520000457763672,24.13999938964844,24.399999618530277,24.399999618530277,293789413,24.3564
2022-01-26 00:00:00+08:00,24.5,24.6200008392334,24.26000022888184,24.399999618530277,24.399999618530277,180807801,24.441591
2022-01-27 00:00:00+08:00,24.26000022888184,24.26000022888184,23.700000762939453,23.920000076293945,23.920000076293945,291671561,23.98744
2022-01-28 00:00:00+08:00,23.979999542236328,24.020000457763672,23.63999938964844,23.68000030517578,23.68000030517578,162818577,23.766912
2022-01-31 00:00:00+08:00,24.0,24.0,24.0,24.0,24.0,0,24.033092
2022-02-04 00:00:00+08:00,24.3799991607666,24.76000022888184,24.280000686645508,24.700000762939453,24.700000762939453,220027120,24.611702
2022-02-07 00:00:00+08:00,24.68000030517578,24.739999771118164,24.5,24.68000030517578,24.68000030517578,147467524,24.55542
2022-02-08 00:00:00+08:00,24.68000030517578,24.700000762939453,24.299999237060547,24.479999542236328,24.479999542236328,112232200,24.472559
2022-02-09 00:00:00+08:00,24.86000061035156,25.040000915527344,24.81999969482422,24.959999084472656,24.959999084472656,108838723,24.95781
2022-02-10 00:00:00+08:00,25.15999984741211,25.15999984741211,24.799999237060547,25.040000915527344,25.040000915527344,165812867,24.99395
2022-02-11 00:00:00+08:00,24.959999084472656,25.100000381469727,24.8799991607666,25.020000457763672,25.020000457763672,161166266,25.005638
2022-02-14 00:00:00+08:00,24.81999969482422,24.8799991607666,24.6200008392334,24.68000030517578,24.68000030517578,117839230,24.729261
2022-02-15 00:00:00+08:00,24.600000381469727,24.71999931335449,24.36000061035156,24.459999084472656,24.459999084472656,97270099,24.522615
2022-02-16 00:00:00+08:00,24.71999931335449,24.899999618530277,24.68000030517578,24.81999969482422,24.81999969482422,83316978,24.821705
2022-02-17 00:00:00+08:00,24.8799991607666,25.020000457763672,24.65999984741211,24.920000076293945,24.920000076293945,79639813,24.864248
2022-02-18 00:00:00+08:00,24.84000015258789,24.899999618530277,24.420000076293945,24.479999542236328,24.479999542236328,157742281,24.525616
2022-02-21 00:00:00+08:00,24.239999771118164,24.36000061035156,24.13999938964844,24.34000015258789,24.34000015258789,206095688,24.278004
2022-02-22 00:00:00+08:00,23.899999618530277,23.959999084472656,23.479999542236328,23.6200008392334,23.6200008392334,245696511,23.663225
2022-02-23 00:00:00+08:00,23.700000762939453,23.8799991607666,23.63999938964844,23.799999237060547,23.799999237060547,105482891,23.81677
2022-02-24 00:00:00+08:00,23.34000015258789,23.5,22.920000076293945,23.059999465942383,23.059999465942383,275542543,23.125292
2022-02-25 00:00:00+08:00,23.07999992370605,23.18000030517578,22.86000061035156,22.920000076293945,22.920000076293945,161061239,22.932014
2022-02-28 00:00:00+08:00,22.899999618530277,22.920000076293945,22.540000915527344,22.8799991607666,22.8799991607666,150645680,22.784327
2022-03-01 00:00:00+08:00,22.8799991607666,23.059999465942383,22.700000762939453,22.8799991607666,22.8799991607666,79088077,22.825155
2022-03-02 00:00:00+08:00,22.68000030517578,22.81999969482422,22.420000076293945,22.5,22.5,76953861,22.481247
2022-03-03 00:00:00+08:00,22.57999992370605,22.65999984741211,22.5,22.63999938964844,22.63999938964844,94225845,22.534407
2022-03-04 00:00:00+08:00,22.1200008392334,22.15999984741211,21.959999084472656,22.059999465942383,22.059999465942383,192679175,21.989136
2022-03-07 00:00:00+08:00,21.5,21.5,20.959999084472656,21.21999931335449,21.21999931335449,217260223,21.177723
2022-03-08 00:00:00+08:00,21.280000686645508,21.440000534057617,20.76000022888184,20.8799991607666,20.8799991607666,262888986,20.983196
2022-03-09 00:00:00+08:00,21.0,21.1200008392334,20.239999771118164,20.780000686645508,20.780000686645508,385661835,20.711123
2022-03-10 00:00:00+08:00,21.18000030517578,21.299999237060547,20.899999618530277,21.100000381469727,21.100000381469727,189308317,21.07694
2022-03-11 00:00:00+08:00,20.600000381469727,20.979999542236328,20.26000022888184,20.799999237060547,20.799999237060547,299614705,20.654829
2022-03-14 00:00:00+08:00,20.420000076293945,20.420000076293945,19.6200008392334,19.799999237060547,19.799999237060547,374531525,19.743431
2022-03-15 00:00:00+08:00,19.299999237060547,19.59000015258789,18.440000534057617,18.649999618530277,18.649999618530277,725229821,18.65081
2022-03-16 00:00:00+08:00,19.149999618530277,20.31999969482422,18.76000022888184,20.239999771118164,20.239999771118164,959365527,19.878237
2022-03-17 00:00:00+08:00,21.399999618530277,21.68000030517578,20.959999084472656,21.68000030517578,21.68000030517578,446335081,21.463688
2022-03-18 00:00:00+08:00,21.399999618530277,21.84000015258789,21.1200008392334,21.65999984741211,21.65999984741211,346781338,21.444098
2022-03-21 00:00:00+08:00,22.0,22.0,21.280000686645508,21.399999618530277,21.399999618530277,156740616,21.257084
2022-03-22 00:00:00+08:00,21.540000915527344,22.1200008392334,21.459999084472656,22.07999992370605,22.07999992370605,134745528,21.74606
2022-03-23 00:00:00+08:00,22.21999931335449,22.600000381469727,22.15999984741211,22.31999969482422,22.31999969482422,162530898,22.250679
2022-03-24 00:00:00+08:00,22.13999938964844,22.420000076293945,22.07999992370605,22.13999938964844,22.13999938964844,89109173,22.234137
2022-03-25 00:00:00+08:00,21.959999084472656,22.13999938964844,21.479999542236328,21.57999992370605,21.57999992370605,132397848,21.84718
2022-03-28 00:00:00+08:00,21.600000381469727,21.979999542236328,21.420000076293945,21.8799991607666,21.8799991607666,91437684,22.036076
2022-03-29 00:00:00+08:00,21.979999542236328,22.1200008392334,21.920000076293945,22.1200008392334,22.1200008392334,151972062,22.380678
2022-03-30 00:00:00+08:00,22.299999237060547,22.57999992370605,22.239999771118164,22.399999618530277,22.399999618530277,123674302,22.736813
2022-03-31 00:00:00+08:00,22.399999618530277,22.420000076293945,22.100000381469727,22.280000686645508,22.280000686645508,67751408,22.565594
2022-04-01 00:00:00+08:00,21.899999618530277,22.26000022888184,21.739999771118164,22.26000022888184,22.26000022888184,150712483,22.376919
2022-04-04 00:00:00+08:00,22.440000534057617,22.739999771118164,22.31999969482422,22.700000762939453,22.700000762939453,141865829,22.820353
2022-04-06 00:00:00+08:00,22.459999084472656,22.459999084472656,22.21999931335449,22.26000022888184,22.26000022888184,93337163,22.457747
2022-04-07 00:00:00+08:00,22.13999938964844,22.420000076293945,21.959999084472656,22.020000457763672,22.020000457763672,158108533,22.217937
2022-04-08 00:00:00+08:00,21.959999084472656,22.100000381469727,21.76000022888184,22.100000381469727,22.100000381469727,159529589,22.073997
2022-04-11 00:00:00+08:00,21.8799991607666,21.8799991607666,21.34000015258789,21.420000076293945,21.420000076293945,229730506,21.525896
2022-04-12 00:00:00+08:00,21.479999542236328,21.71999931335449,21.18000030517578,21.520000457763672,21.520000457763672,160726582,21.48257
2022-04-13 00:00:00+08:00,21.420000076293945,21.71999931335449,21.31999969482422,21.57999992370605,21.57999992370605,165232208,21.52309
2022-04-14 00:00:00+08:00,21.6200008392334,21.799999237060547,21.559999465942383,21.71999931335449,21.71999931335449,160482665,21.632462
2022-04-19 00:00:00+08:00,21.36000061035156,21.399999618530277,21.059999465942383,21.21999931335449,21.21999931335449,223582735,21.111061
2022-04-20 00:00:00+08:00,21.15999984741211,21.420000076293945,21.07999992370605,21.1200008392334,21.1200008392334,100551024,21.081306
2022-04-21 00:00:00+08:00,21.059999465942383,21.1200008392334,20.700000762939453,20.8799991607666,20.8799991607666,255424874,20.786776
2022-04-22 00:00:00+08:00,20.6200008392334,20.920000076293945,20.3799991607666,20.84000015258789,20.84000015258789,198194659,20.628826
2022-04-25 00:00:00+08:00,20.459999084472656,20.459999084472656,20.0,20.15999984741211,20.15999984741211,335529767,20.087168
2022-04-26 00:00:00+08:00,20.21999931335449,20.459999084472656,20.040000915527344,20.13999938964844,20.13999938964844,177785714,20.12011
2022-04-27 00:00:00+08:00,19.950000762939453,20.239999771118164,19.8799991607666,20.13999938964844,20.13999938964844,208013046,20.039791
2022-04-28 00:00:00+08:00,20.21999931335449,20.399999618530277,20.059999465942383,20.3799991607666,20.3799991607666,238588290,20.21498
2022-04-29 00:00:00+08:00,20.299999237060547,21.299999237060547,20.13999938964844,21.21999931335449,21.21999931335449,206283784,20.921745
2022-05-03 00:00:00+08:00,21.040000915527344,21.420000076293945,20.739999771118164,21.21999931335449,21.21999931335449,107559286,21.089743
2022-05-04 00:00:00+08:00,21.21999931335449,21.21999931335449,20.899999618530277,20.979999542236328,20.979999542236328,90084634,20.970116
2022-05-05 00:00:00+08:00,21.280000686645508,21.399999618530277,20.8799991607666,20.8799991607666,20.8799991607666,126517083,20.976131
2022-05-06 00:00:00+08:00,20.3799991607666,20.440000534057617,20.07999992370605,20.13999938964844,20.13999938964844,212494873,20.177307
2022-05-10 00:00:00+08:00,19.459999084472656,19.8700008392334,19.299999237060547,19.71999931335449,19.71999931335449,167354025,19.690205
2022-05-11 00:00:00+08:00,19.670000076293945,20.200000762939453,19.57999992370605,19.959999084472656,19.959999084472656,168822870,20.01932
2022-05-12 00:00:00+08:00,19.6299991607666,19.82999992370605,19.459999084472656,19.46999931335449,19.46999931335449,103657448,19.63436
2022-05-13 00:00:00+08:00,19.670000076293945,20.059999465942383,19.670000076293945,20.0,20.0,117490271,19.975931
2022-05-16 00:00:00+08:00,20.200000762939453,20.280000686645508,19.8799991607666,20.059999465942383,20.059999465942383,48172951,20.090542
2022-05-17 00:00:00+08:00,20.1200008392334,20.739999771118164,20.1200008392334,20.71999931335449,20.71999931335449,98356864,20.583836
2022-05-18 00:00:00+08:00,20.700000762939453,20.84000015258789,20.5,20.739999771118164,20.739999771118164,142581838,20.69243
2022-05-19 00:00:00+08:00,20.26000022888184,20.420000076293945,20.040000915527344,20.280000686645508,20.280000686645508,133236386,20.254265
2022-05-20 00:00:00+08:00,20.600000381469727,20.940000534057617,20.540000915527344,20.86000061035156,20.86000061035156,160190938,20.84667
2022-05-23 00:00:00+08:00,20.799999237060547,20.799999237060547,20.440000534057617,20.6200008392334,20.6200008392334,150373246,20.657734
2022-05-24 00:00:00+08:00,20.6200008392334,20.700000762939453,20.15999984741211,20.31999969482422,20.31999969482422,198966206,20.378242
2022-05-25 00:00:00+08:00,20.31999969482422,20.57999992370605,20.280000686645508,20.3799991607666,20.3799991607666,112669338,20.417252
2022-05-26 00:00:00+08:00,20.479999542236328,20.479999542236328,20.07999992370605,20.299999237060547,20.299999237060547,174165709,20.28766
2022-05-27 00:00:00+08:00,20.799999237060547,21.0,20.71999931335449,20.920000076293945,20.920000076293945,214806299,20.889725
2022-05-30 00:00:00+08:00,21.13999938964844,21.3799991607666,21.100000381469727,21.31999969482422,21.31999969482422,265929929,21.295074
2022-05-31 00:00:00+08:00,21.299999237060547,21.63999938964844,21.26000022888184,21.6200008392334,21.6200008392334,190120151,21.549074
2022-06-01 00:00:00+08:00,21.68000030517578,21.68000030517578,21.420000076293945,21.520000457763672,21.520000457763672,123915116,21.538815
2022-06-02 00:00:00+08:00,21.280000686645508,21.3799991607666,21.1200008392334,21.34000015258789,21.34000015258789,81242588,21.284555
2022-06-06 00:00:00+08:00,21.5,21.959999084472656,21.280000686645508,21.899999618530277,21.899999618530277,175221440,21.747572
2022-06-07 00:00:00+08:00,21.76000022888184,22.020000457763672,21.65999984741211,21.799999237060547,21.799999237060547,109107533,21.804678
2022-06-08 00:00:00+08:00,22.040000915527344,22.34000015258789,22.0,22.26000022888184,22.26000022888184,134122104,22.258703
2022-06-09 00:00:00+08:00,22.299999237060547,22.440000534057617,22.059999465942383,22.15999984741211,22.15999984741211,144656622,22.237196
2022-06-10 00:00:00+08:00,21.84000015258789,22.239999771118164,21.799999237060547,22.1200008392334,22.1200008392334,163233429,22.114645
2022-06-13 00:00:00+08:00,21.459999084472656,21.6200008392334,21.299999237060547,21.34000015258789,21.34000015258789,177929084,21.436672
2022-06-14 00:00:00+08:00,21.13999938964844,21.479999542236328,21.040000915527344,21.36000061035156,21.36000061035156,183426553,21.373964
2022-06-15 00:00:00+08:00,21.3799991607666,21.739999771118164,21.3799991607666,21.63999938964844,21.63999938964844,205830198,21.665556
2022-06-16 00:00:00+08:00,21.81999969482422,21.84000015258789,21.0,21.15999984741211,21.15999984741211,216838412,21.292486
2022-06-17 00:00:00+08:00,21.07999992370605,21.479999542236328,21.040000915527344,21.459999084472656,21.459999084472656,143787848,21.35223
2022-06-20 00:00:00+08:00,21.399999618530277,21.520000457763672,21.18000030517578,21.520000457763672,21.520000457763672,148421430,21.41505
2022-06-21 00:00:00+08:00,21.6200008392334,21.899999618530277,21.5,21.8799991607666,21.8799991607666,109510200,21.763739
2022-06-22 00:00:00+08:00,21.799999237060547,21.81999969482422,21.34000015258789,21.34000015258789,21.34000015258789,146217481,21.398237
2022-06-23 00:00:00+08:00,21.479999542236328,21.799999237060547,21.36000061035156,21.6200008392334,21.6200008392334,75195644,21.563412
2022-06-24 00:00:00+08:00,21.780000686645508,22.100000381469727,21.76000022888184,22.040000915527344,22.040000915527344,160960759,21.981596
2022-06-27 00:00:00+08:00,22.299999237060547,22.739999771118164,22.299999237060547,22.57999992370605,22.57999992370605,228885478,22.574852
2022-06-28 00:00:00+08:00,22.5,22.799999237060547,22.299999237060547,22.71999931335449,22.71999931335449,129104801,22.665356
2022-06-29 00:00:00+08:00,22.5,22.700000762939453,22.26000022888184,22.3799991607666,22.3799991607666,189812471,22.459473
2022-06-30 00:00:00+08:00,22.3799991607666,22.520000457763672,22.1200008392334,22.280000686645508,22.280000686645508,135900539,22.320538
2022-07-04 00:00:00+08:00,22.200000762939453,22.36000061035156,21.899999618530277,22.280000686645508,22.280000686645508,117672839,22.228252
2022-07-05 00:00:00+08:00,22.540000915527344,22.65999984741211,22.280000686645508,22.31999969482422,22.31999969482422,142234384,22.400919
2022-07-06 00:00:00+08:00,22.239999771118164,22.299999237060547,21.76000022888184,22.020000457763672,22.020000457763672,195911748,22.00634
2022-07-07 00:00:00+08:00,21.959999084472656,22.18000030517578,21.739999771118164,22.18000030517578,22.18000030517578,111410111,22.068
2022-07-08 00:00:00+08:00,22.479999542236328,22.5,22.13999938964844,22.21999931335449,22.21999931335449,241540824,22.277935
2022-07-11 00:00:00+08:00,22.0,22.0,21.520000457763672,21.63999938964844,21.63999938964844,181809122,21.6754
2022-07-12 00:00:00+08:00,21.5,21.600000381469727,21.299999237060547,21.36000061035156,21.36000061035156,223568540,21.404116
2022-07-13 00:00:00+08:00,21.3799991607666,21.559999465942383,21.26000022888184,21.34000015258789,21.34000015258789,126107341,21.383411
2022-07-14 00:00:00+08:00,21.299999237060547,21.399999618530277,21.059999465942383,21.239999771118164,21.239999771118164,180926111,21.223238
2022-07-15 00:00:00+08:00,21.040000915527344,21.18000030517578,20.71999931335449,20.84000015258789,20.84000015258789,237612829,20.84128
2022-07-18 00:00:00+08:00,20.940000534057617,21.399999618530277,20.81999969482422,21.36000061035156,21.36000061035156,347911100,21.21778
2022-07-19 00:00:00+08:00,21.239999771118164,21.280000686645508,21.059999465942383,21.21999931335449,21.21999931335449,148132638,21.180113
2022-07-20 00:00:00+08:00,21.440000534057617,21.63999938964844,21.399999618530277,21.440000534057617,21.440000534057617,148406712,21.493816
2022-07-21 00:00:00+08:00,21.31999969482422,21.34000015258789,21.020000457763672,21.07999992370605,21.07999992370605,154950274,21.077106
2022-07-22 00:00:00+08:00,21.18000030517578,21.31999969482422,21.040000915527344,21.100000381469727,21.100000381469727,150992320,21.08995
2022-07-25 00:00:00+08:00,20.959999084472656,21.1200008392334,20.86000061035156,21.1200008392334,21.1200008392334,275555313,21.032282
2022-07-26 00:00:00+08:00,21.1200008392334,21.479999542236328,21.1200008392334,21.459999084472656,21.459999084472656,350877249,21.408287
2022-07-27 00:00:00+08:00,21.26000022888184,21.299999237060547,21.100000381469727,21.200000762939453,21.200000762939453,225013358,21.247086
2022-07-28 00:00:00+08:00,21.280000686645508,21.299999237060547,21.040000915527344,21.1200008392334,21.1200008392334,109339105,21.20563
2022-07-29 00:00:00+08:00,21.1200008392334,21.18000030517578,20.559999465942383,20.68000030517578,20.68000030517578,263380071,20.76518
2022-08-01 00:00:00+08:00,20.540000915527344,20.76000022888184,20.399999618530277,20.68000030517578,20.68000030517578,204872347,20.596966
2022-08-02 00:00:00+08:00,20.420000076293945,20.420000076293945,20.020000457763672,20.200000762939453,20.200000762939453,212381789,20.206436
2022-08-03 00:00:00+08:00,20.399999618530277,20.440000534057617,20.200000762939453,20.280000686645508,20.280000686645508,113976872,20.310978
2022-08-04 00:00:00+08:00,20.479999542236328,20.739999771118164,20.479999542236328,20.68000030517578,20.68000030517578,120567418,20.668592
2022-08-05 00:00:00+08:00,20.739999771118164,20.799999237060547,20.600000381469727,20.700000762939453,20.700000762939453,74586466,20.695566
2022-08-08 00:00:00+08:00,20.6200008392334,20.700000762939453,20.459999084472656,20.559999465942383,20.559999465942383,133055217,20.559187
2022-08-09 00:00:00+08:00,20.559999465942383,20.780000686645508,20.36000061035156,20.5,20.5,99052923,20.544088
2022-08-10 00:00:00+08:00,20.479999542236328,20.479999542236328,19.989999771118164,20.13999938964844,20.13999938964844,112519454,20.207111
2022-08-11 00:00:00+08:00,20.36000061035156,20.600000381469727,20.31999969482422,20.57999992370605,20.57999992370605,107900523,20.562183
2022-08-12 00:00:00+08:00,20.57999992370605,20.739999771118164,20.540000915527344,20.71999931335449,20.71999931335449,177748177,20.734163
2022-08-15 00:00:00+08:00,20.57999992370605,20.780000686645508,20.5,20.57999992370605,20.57999992370605,90812276,20.654802
2022-08-16 00:00:00+08:00,20.600000381469727,20.700000762939453,20.200000762939453,20.34000015258789,20.34000015258789,108748831,20.416399
2022-08-17 00:00:00+08:00,20.5,20.600000381469727,20.31999969482422,20.420000076293945,20.420000076293945,66299725,20.43811
2022-08-18 00:00:00+08:00,20.520000457763672,20.520000457763672,20.200000762939453,20.280000686645508,20.280000686645508,126065303,20.301971
2022-08-19 00:00:00+08:00,20.200000762939453,20.440000534057617,20.18000030517578,20.31999969482422,20.31999969482422,125036387,20.29302
2022-08-22 00:00:00+08:00,20.15999984741211,20.3799991607666,20.100000381469727,20.280000686645508,20.280000686645508,75218569,20.252602
2022-08-23 00:00:00+08:00,20.18000030517578,20.239999771118164,19.90999984741211,20.040000915527344,20.040000915527344,210017061,20.023743
2022-08-24 00:00:00+08:00,20.07999992370605,20.07999992370605,19.71999931335449,19.799999237060547,19.799999237060547,124167267,19.81262
2022-08-25 00:00:00+08:00,19.959999084472656,20.520000457763672,19.959999084472656,20.5,20.5,122769830,20.366077
2022-08-26 00:00:00+08:00,20.700000762939453,20.739999771118164,20.600000381469727,20.700000762939453,20.700000762939453,158081097,20.657019
2022-08-29 00:00:00+08:00,20.479999542236328,20.6200008392334,20.420000076293945,20.520000457763672,20.520000457763672,105587191,20.479364
2022-08-30 00:00:00+08:00,20.520000457763672,20.57999992370605,20.18000030517578,20.5,20.5,123537922,20.388428
2022-08-31 00:00:00+08:00,20.15999984741211,20.71999931335449,20.100000381469727,20.5,20.5,82764525,20.412725
2022-09-01 00:00:00+08:00,20.31999969482422,20.399999618530277,20.100000381469727,20.200000762939453,20.200000762939453,143801531,20.17516
2022-09-02 00:00:00+08:00,20.200000762939453,20.200000762939453,19.90999984741211,20.040000915527344,20.040000915527344,177306346,20.011797
2022-09-05 00:00:00+08:00,19.84000015258789,19.8700008392334,19.6299991607666,19.799999237060547,19.799999237060547,105819505,19.769747
2022-09-06 00:00:00+08:00,19.8799991607666,19.96999931335449,19.709999084472656,19.809999465942383,19.809999465942383,160937964,19.824938
2022-09-07 00:00:00+08:00,19.489999771118164,19.700000762939453,19.420000076293945,19.670000076293945,19.670000076293945,191017912,19.599728
2022-09-08 00:00:00+08:00,19.690000534057617,19.690000534057617,19.43000030517578,19.479999542236328,19.479999542236328,103353915,19.504375
2022-09-09 00:00:00+08:00,19.540000915527344,20.059999465942383,19.540000915527344,20.0,20.0,156423869,19.896557
2022-09-13 00:00:00+08:00,20.059999465942383,20.13999938964844,19.940000534057617,19.96999931335449,19.96999931335449,123836680,19.978128
2022-09-14 00:00:00+08:00,19.549999237060547,19.6200008392334,19.43000030517578,19.5,19.5,317277119,19.459145
2022-09-15 00:00:00+08:00,19.5,19.649999618530277,19.489999771118164,19.559999465942383,19.559999465942383,82111227,19.557892
2022-09-16 00:00:00+08:00,19.38999938964844,19.559999465942383,19.309999465942383,19.399999618530277,19.399999618530277,215903004,19.431185
2022-09-19 00:00:00+08:00,19.36000061035156,19.36000061035156,19.13999938964844,19.190000534057617,19.190000534057617,373475875,19.174526
2022-09-20 00:00:00+08:00,19.36000061035156,19.520000457763672,19.32999992370605,19.440000534057617,19.440000534057617,49941489,19.445253
2022-09-21 00:00:00+08:00,19.299999237060547,19.299999237060547,19.09000015258789,19.11000061035156,19.11000061035156,255186950,19.14253
2022-09-22 00:00:00+08:00,18.75,18.84000015258789,18.6200008392334,18.809999465942383,18.809999465942383,133429891,18.711111
2022-09-23 00:00:00+08:00,18.71999931335449,18.81999969482422,18.57999992370605,18.57999992370605,18.57999992370605,106938227,18.611969
2022-09-26 00:00:00+08:00,18.440000534057617,18.729999542236328,18.3799991607666,18.5,18.5,143362187,18.50375
2022-09-27 00:00:00+08:00,18.520000457763672,18.559999465942383,18.299999237060547,18.520000457763672,18.520000457763672,330720570,18.43603
2022-09-28 00:00:00+08:00,18.32999992370605,18.32999992370605,17.81999969482422,17.899999618530273,17.899999618530273,361393488,17.966848
2022-09-29 00:00:00+08:00,18.200000762939453,18.280000686645508,17.670000076293945,17.799999237060547,17.799999237060547,160991346,17.904198
