date,open,high,low,close,adjclose,volume
2019-10-29 00:00:00+08:00,28.0,28.0,27.649999618530277,27.75,27.75,81339245
2019-10-30 00:00:00+08:00,27.700000762939453,27.75,27.549999237060547,27.600000381469727,27.600000381469727,78019348
2019-10-31 00:00:00+08:00,27.0,27.200000762939453,26.850000381469727,27.049999237060547,27.049999237060547,46923492
2019-11-01 00:00:00+08:00,26.950000762939453,27.299999237060547,26.950000762939453,27.299999237060547,27.299999237060547,61181768
2019-11-04 00:00:00+08:00,27.5,27.75,27.450000762939453,27.75,27.75,80437283
2019-11-05 00:00:00+08:00,27.899999618530277,27.899999618530277,27.600000381469727,27.850000381469727,27.850000381469727,87727823
2019-11-06 00:00:00+08:00,27.799999237060547,27.950000762939453,27.649999618530277,27.850000381469727,27.850000381469727,86210010
2019-11-07 00:00:00+08:00,27.799999237060547,28.100000381469727,27.649999618530277,28.0,28.0,88562441
2019-11-08 00:00:00+08:00,28.049999237060547,28.049999237060547,27.75,27.799999237060547,27.799999237060547,70597436
2019-11-11 00:00:00+08:00,27.549999237060547,27.549999237060547,26.950000762939453,27.100000381469727,27.100000381469727,100573424
2019-11-12 00:00:00+08:00,27.25,27.25,26.950000762939453,27.200000762939453,27.200000762939453,132943563
2019-11-13 00:00:00+08:00,26.899999618530277,26.899999618530277,26.600000381469727,26.700000762939453,26.700000762939453,58659960
2019-11-14 00:00:00+08:00,26.700000762939453,26.799999237060547,26.350000381469727,26.549999237060547,26.549999237060547,77051222
2019-11-15 00:00:00+08:00,26.700000762939453,26.75,26.450000762939453,26.5,26.5,62294583
2019-11-18 00:00:00+08:00,26.600000381469727,26.850000381469727,26.549999237060547,26.799999237060547,26.799999237060547,72785594
2019-11-19 00:00:00+08:00,26.799999237060547,27.299999237060547,26.75,27.25,27.25,85571692
2019-11-20 00:00:00+08:00,27.049999237060547,27.149999618530277,26.950000762939453,27.049999237060547,27.049999237060547,44435164
2019-11-21 00:00:00+08:00,26.75,26.75,26.450000762939453,26.600000381469727,26.600000381469727,96333978
2019-11-22 00:00:00+08:00,26.75,26.850000381469727,26.649999618530277,26.75,26.75,52534353
2019-11-25 00:00:00+08:00,26.850000381469727,27.299999237060547,26.850000381469727,27.149999618530277,27.149999618530277,29884976
2019-11-26 00:00:00+08:00,27.399999618530277,27.450000762939453,27.100000381469727,27.100000381469727,27.100000381469727,52343758
2019-11-27 00:00:00+08:00,27.100000381469727,27.200000762939453,27.049999237060547,27.149999618530277,27.149999618530277,39484533
2019-11-28 00:00:00+08:00,27.0,27.200000762939453,26.950000762939453,27.049999237060547,27.049999237060547,34769427
2019-11-29 00:00:00+08:00,27.049999237060547,27.049999237060547,26.450000762939453,26.5,26.5,80370437
2019-12-02 00:00:00+08:00,26.649999618530277,26.700000762939453,26.549999237060547,26.649999618530277,26.649999618530277,38406728
2019-12-03 00:00:00+08:00,26.5,26.649999618530277,26.200000762939453,26.549999237060547,26.549999237060547,97660808
2019-12-04 00:00:00+08:00,26.200000762939453,26.350000381469727,26.149999618530277,26.25,26.25,51298151
2019-12-05 00:00:00+08:00,26.399999618530277,26.450000762939453,26.25,26.450000762939453,26.450000762939453,27618048
2019-12-06 00:00:00+08:00,26.549999237060547,26.75,26.5,26.649999618530277,26.649999618530277,30535397
2019-12-09 00:00:00+08:00,26.600000381469727,26.799999237060547,26.600000381469727,26.700000762939453,26.700000762939453,81210016
2019-12-10 00:00:00+08:00,26.600000381469727,26.75,26.549999237060547,26.600000381469727,26.600000381469727,47959416
2019-12-11 00:00:00+08:00,26.600000381469727,26.899999618530277,26.549999237060547,26.799999237060547,26.799999237060547,98854926
2019-12-12 00:00:00+08:00,26.950000762939453,27.25,26.950000762939453,27.200000762939453,27.200000762939453,109595687
2019-12-13 00:00:00+08:00,27.700000762939453,27.899999618530277,27.600000381469727,27.850000381469727,27.850000381469727,139479853
2019-12-16 00:00:00+08:00,27.799999237060547,27.950000762939453,27.649999618530277,27.700000762939453,27.700000762939453,51941295
2019-12-17 00:00:00+08:00,27.899999618530277,28.100000381469727,27.75,28.0,28.0,100498172
2019-12-18 00:00:00+08:00,28.049999237060547,28.200000762939453,27.950000762939453,28.049999237060547,28.049999237060547,107599518
2019-12-19 00:00:00+08:00,28.149999618530277,28.149999618530277,27.850000381469727,28.0,28.0,46900379
2019-12-20 00:00:00+08:00,28.0,28.200000762939453,27.950000762939453,28.149999618530277,28.149999618530277,92567777
2019-12-23 00:00:00+08:00,28.200000762939453,28.200000762939453,28.0,28.100000381469727,28.100000381469727,65703353
2019-12-24 00:00:00+08:00,28.100000381469727,28.149999618530277,27.950000762939453,28.0,28.0,35644521
2019-12-27 00:00:00+08:00,28.299999237060547,28.450000762939453,28.200000762939453,28.399999618530277,28.399999618530277,36697521
2019-12-30 00:00:00+08:00,28.450000762939453,28.649999618530277,28.350000381469727,28.549999237060547,28.549999237060547,85592063
2019-12-31 00:00:00+08:00,28.549999237060547,28.549999237060547,28.549999237060547,28.549999237060547,28.549999237060547,0
2020-01-02 00:00:00+08:00,28.5,28.75,28.399999618530277,28.700000762939453,28.700000762939453,95691454
2020-01-03 00:00:00+08:00,29.0,29.100000381469727,28.600000381469727,28.649999618530277,28.649999618530277,112058550
2020-01-06 00:00:00+08:00,28.450000762939453,28.600000381469727,28.200000762939453,28.450000762939453,28.450000762939453,107027624
2020-01-07 00:00:00+08:00,28.549999237060547,28.700000762939453,28.399999618530277,28.450000762939453,28.450000762939453,54893927
2020-01-08 00:00:00+08:00,28.100000381469727,28.399999618530277,28.0,28.25,28.25,142130403
2020-01-09 00:00:00+08:00,28.549999237060547,28.799999237060547,28.5,28.799999237060547,28.799999237060547,67247491
2020-01-10 00:00:00+08:00,28.850000381469727,28.899999618530277,28.649999618530277,28.799999237060547,28.799999237060547,69392727
2020-01-13 00:00:00+08:00,28.899999618530277,29.200000762939453,28.850000381469727,29.149999618530277,29.149999618530277,102474373
2020-01-14 00:00:00+08:00,29.350000381469727,29.350000381469727,29.0,29.049999237060547,29.049999237060547,120942370
2020-01-15 00:00:00+08:00,29.100000381469727,29.200000762939453,28.799999237060547,28.950000762939453,28.950000762939453,86418877
2020-01-16 00:00:00+08:00,29.0,29.200000762939453,28.899999618530277,29.0,29.0,85179535
2020-01-17 00:00:00+08:00,29.149999618530277,29.299999237060547,29.0,29.200000762939453,29.200000762939453,49843734
2020-01-20 00:00:00+08:00,29.299999237060547,29.350000381469727,28.950000762939453,28.950000762939453,28.950000762939453,89520667
2020-01-21 00:00:00+08:00,28.799999237060547,28.799999237060547,28.149999618530277,28.149999618530277,28.149999618530277,155784590
2020-01-22 00:00:00+08:00,28.299999237060547,28.600000381469727,28.100000381469727,28.549999237060547,28.549999237060547,110731679
2020-01-23 00:00:00+08:00,28.25,28.299999237060547,27.850000381469727,28.0,28.0,143550990
2020-01-24 00:00:00+08:00,28.0,28.149999618530277,27.950000762939453,28.100000381469727,28.100000381469727,32397568
2020-01-29 00:00:00+08:00,27.25,27.549999237060547,27.25,27.299999237060547,27.299999237060547,101137185
2020-01-30 00:00:00+08:00,27.200000762939453,27.350000381469727,26.5,26.649999618530277,26.649999618530277,106728215
2020-01-31 00:00:00+08:00,26.899999618530277,27.0,26.450000762939453,26.5,26.5,98950650
2020-02-03 00:00:00+08:00,26.399999618530277,26.700000762939453,26.299999237060547,26.5,26.5,120022848
2020-02-04 00:00:00+08:00,26.649999618530277,26.899999618530277,26.600000381469727,26.850000381469727,26.850000381469727,114514463
2020-02-05 00:00:00+08:00,27.049999237060547,27.100000381469727,26.799999237060547,26.950000762939453,26.950000762939453,143123827
2020-02-06 00:00:00+08:00,27.100000381469727,27.850000381469727,27.100000381469727,27.700000762939453,27.700000762939453,151770178
2020-02-07 00:00:00+08:00,27.5,27.600000381469727,27.399999618530277,27.549999237060547,27.549999237060547,86692761
2020-02-10 00:00:00+08:00,27.25,27.5,27.200000762939453,27.399999618530277,27.399999618530277,104720360
2020-02-11 00:00:00+08:00,27.649999618530277,27.899999618530277,27.600000381469727,27.75,27.75,86362866
2020-02-12 00:00:00+08:00,27.899999618530277,28.100000381469727,27.799999237060547,28.049999237060547,28.049999237060547,94604806
2020-02-13 00:00:00+08:00,28.049999237060547,28.100000381469727,27.850000381469727,27.950000762939453,27.950000762939453,54798571
2020-02-14 00:00:00+08:00,27.899999618530277,28.200000762939453,27.899999618530277,28.0,28.0,55702178
2020-02-17 00:00:00+08:00,28.0,28.25,27.950000762939453,28.149999618530277,28.149999618530277,115686010
2020-02-18 00:00:00+08:00,27.950000762939453,27.950000762939453,27.700000762939453,27.700000762939453,27.700000762939453,83984895
2020-02-19 00:00:00+08:00,27.75,27.950000762939453,27.700000762939453,27.850000381469727,27.850000381469727,105140351
2020-02-20 00:00:00+08:00,27.950000762939453,28.0,27.549999237060547,27.75,27.75,62147226
2020-02-21 00:00:00+08:00,27.600000381469727,27.649999618530277,27.450000762939453,27.5,27.5,60029737
2020-02-24 00:00:00+08:00,27.350000381469727,27.350000381469727,26.950000762939453,27.049999237060547,27.049999237060547,169033039
2020-02-25 00:00:00+08:00,26.899999618530277,27.100000381469727,26.850000381469727,27.100000381469727,27.100000381469727,122948061
2020-02-26 00:00:00+08:00,26.700000762939453,26.950000762939453,26.649999618530277,26.950000762939453,26.950000762939453,144047975
2020-02-27 00:00:00+08:00,26.75,27.149999618530277,26.649999618530277,27.149999618530277,27.149999618530277,136083225
2020-02-28 00:00:00+08:00,26.5,26.600000381469727,26.200000762939453,26.450000762939453,26.450000762939453,185048108
2020-03-02 00:00:00+08:00,26.350000381469727,26.700000762939453,26.350000381469727,26.649999618530277,26.649999618530277,95848245
2020-03-03 00:00:00+08:00,27.0,27.0,26.5,26.600000381469727,26.600000381469727,102995570
2020-03-04 00:00:00+08:00,26.600000381469727,26.700000762939453,26.25,26.549999237060547,26.549999237060547,91543405
2020-03-05 00:00:00+08:00,26.600000381469727,27.100000381469727,26.549999237060547,27.049999237060547,27.049999237060547,97493042
2020-03-06 00:00:00+08:00,26.75,26.75,26.299999237060547,26.5,26.5,60076836
2020-03-09 00:00:00+08:00,26.450000762939453,26.450000762939453,26.450000762939453,26.450000762939453,26.450000762939453,0
2020-03-10 00:00:00+08:00,25.450000762939453,25.450000762939453,25.450000762939453,25.450000762939453,25.450000762939453,0
2020-03-11 00:00:00+08:00,25.75,25.75,25.75,25.75,25.75,0
2020-03-12 00:00:00+08:00,25.549999237060547,25.549999237060547,25.549999237060547,25.549999237060547,25.549999237060547,0
2020-03-13 00:00:00+08:00,24.600000381469727,24.600000381469727,24.600000381469727,24.600000381469727,24.600000381469727,0
2020-03-16 00:00:00+08:00,24.399999618530277,24.399999618530277,24.399999618530277,24.399999618530277,24.399999618530277,0
2020-03-17 00:00:00+08:00,23.350000381469727,23.350000381469727,23.350000381469727,23.350000381469727,23.350000381469727,0
2020-03-18 00:00:00+08:00,23.600000381469727,23.600000381469727,23.600000381469727,23.600000381469727,23.600000381469727,0
2020-03-19 00:00:00+08:00,22.600000381469727,22.75,21.350000381469727,22.0,22.0,124290338
2020-03-20 00:00:00+08:00,22.450000762939453,23.100000381469727,22.450000762939453,23.100000381469727,23.100000381469727,55333764
2020-03-23 00:00:00+08:00,21.950000762939453,22.350000381469727,21.899999618530277,22.0,22.0,65169679
2020-03-24 00:00:00+08:00,22.75,23.049999237060547,22.649999618530277,23.049999237060547,23.049999237060547,71232555
2020-03-25 00:00:00+08:00,23.5,23.950000762939453,23.299999237060547,23.799999237060547,23.799999237060547,87995501
2020-03-26 00:00:00+08:00,23.549999237060547,23.850000381469727,23.399999618530277,23.600000381469727,23.600000381469727,70464827
2020-03-27 00:00:00+08:00,24.100000381469727,24.149999618530277,23.600000381469727,23.75,23.75,96234849
2020-03-30 00:00:00+08:00,23.25,23.75,23.200000762939453,23.399999618530277,23.399999618530277,112256740
2020-03-31 00:00:00+08:00,23.799999237060547,23.950000762939453,23.5,23.850000381469727,23.850000381469727,60197538
2020-04-01 00:00:00+08:00,23.549999237060547,23.850000381469727,23.149999618530277,23.299999237060547,23.299999237060547,79926471
2020-04-02 00:00:00+08:00,23.0,23.5,22.950000762939453,23.5,23.5,44149742
2020-04-03 00:00:00+08:00,23.399999618530277,23.5,23.25,23.450000762939453,23.450000762939453,34328247
2020-04-06 00:00:00+08:00,23.799999237060547,24.100000381469727,23.5,23.950000762939453,23.950000762939453,44548477
2020-04-07 00:00:00+08:00,24.299999237060547,24.549999237060547,24.0,24.5,24.5,89159307
2020-04-08 00:00:00+08:00,24.350000381469727,24.450000762939453,24.049999237060547,24.200000762939453,24.200000762939453,69780885
2020-04-09 00:00:00+08:00,24.399999618530277,24.600000381469727,24.25,24.5,24.5,68922530
2020-04-14 00:00:00+08:00,24.5,24.799999237060547,24.5,24.700000762939453,24.700000762939453,43768033
2020-04-15 00:00:00+08:00,24.75,24.899999618530277,24.25,24.299999237060547,24.299999237060547,78414497
2020-04-16 00:00:00+08:00,24.200000762939453,24.350000381469727,24.049999237060547,24.25,24.25,82430263
2020-04-17 00:00:00+08:00,24.700000762939453,24.950000762939453,24.5,24.549999237060547,24.549999237060547,99014430
2020-04-20 00:00:00+08:00,24.600000381469727,24.75,24.399999618530277,24.600000381469727,24.600000381469727,93356460
2020-04-21 00:00:00+08:00,24.450000762939453,24.5,23.850000381469727,24.0,24.0,87513044
2020-04-22 00:00:00+08:00,23.75,24.200000762939453,23.649999618530277,24.100000381469727,24.100000381469727,108986661
2020-04-23 00:00:00+08:00,24.200000762939453,24.350000381469727,24.0,24.149999618530277,24.149999618530277,95814392
2020-04-24 00:00:00+08:00,24.100000381469727,24.200000762939453,23.950000762939453,24.049999237060547,24.049999237060547,60422794
2020-04-27 00:00:00+08:00,24.299999237060547,24.600000381469727,24.299999237060547,24.5,24.5,70193900
2020-04-28 00:00:00+08:00,24.549999237060547,24.799999237060547,24.299999237060547,24.75,24.75,52651762
2020-04-29 00:00:00+08:00,24.850000381469727,25.049999237060547,24.700000762939453,24.75,24.75,86205347
2020-05-04 00:00:00+08:00,24.0,24.0,23.700000762939453,23.75,23.75,69311051
2020-05-05 00:00:00+08:00,23.850000381469727,24.100000381469727,23.799999237060547,24.0,24.0,46857955
2020-05-06 00:00:00+08:00,23.950000762939453,24.399999618530277,23.950000762939453,24.350000381469727,24.350000381469727,82705898
2020-05-07 00:00:00+08:00,24.200000762939453,24.25,24.049999237060547,24.149999618530277,24.149999618530277,47857289
2020-05-08 00:00:00+08:00,24.350000381469727,24.450000762939453,24.25,24.399999618530277,24.399999618530277,73225297
2020-05-11 00:00:00+08:00,24.600000381469727,24.950000762939453,24.600000381469727,24.799999237060547,24.799999237060547,75152415
2020-05-12 00:00:00+08:00,24.549999237060547,24.600000381469727,24.25,24.450000762939453,24.450000762939453,65784729
2020-05-13 00:00:00+08:00,24.25,24.549999237060547,24.149999618530277,24.350000381469727,24.350000381469727,73324055
2020-05-14 00:00:00+08:00,24.25,24.25,23.950000762939453,24.0,24.0,65820411
2020-05-15 00:00:00+08:00,24.0,24.200000762939453,23.850000381469727,24.0,24.0,89797013
2020-05-18 00:00:00+08:00,23.950000762939453,24.200000762939453,23.899999618530277,24.200000762939453,24.200000762939453,42696146
2020-05-19 00:00:00+08:00,24.600000381469727,24.799999237060547,24.5,24.600000381469727,24.600000381469727,60472570
2020-05-20 00:00:00+08:00,24.600000381469727,24.75,24.5,24.649999618530277,24.649999618530277,52810064
2020-05-21 00:00:00+08:00,24.700000762939453,24.75,24.399999618530277,24.450000762939453,24.450000762939453,64763338
2020-05-22 00:00:00+08:00,24.049999237060547,24.049999237060547,23.049999237060547,23.149999618530277,23.149999618530277,174610313
2020-05-25 00:00:00+08:00,23.0,23.25,22.75,23.149999618530277,23.149999618530277,110547335
2020-05-26 00:00:00+08:00,23.399999618530277,23.75,23.399999618530277,23.649999618530277,23.649999618530277,149869942
2020-05-27 00:00:00+08:00,23.75,23.75,23.350000381469727,23.5,23.5,96003774
2020-05-28 00:00:00+08:00,23.350000381469727,23.700000762939453,23.0,23.350000381469727,23.350000381469727,208391411
2020-05-29 00:00:00+08:00,23.0,23.350000381469727,23.0,23.200000762939453,23.200000762939453,155968233
2020-06-01 00:00:00+08:00,23.799999237060547,24.1200008392334,23.799999237060547,23.979999542236328,23.979999542236328,122753194
2020-06-02 00:00:00+08:00,24.020000457763672,24.299999237060547,24.0,24.26000022888184,24.26000022888184,176613547
2020-06-03 00:00:00+08:00,24.68000030517578,24.71999931335449,24.540000915527344,24.68000030517578,24.68000030517578,124125743
2020-06-04 00:00:00+08:00,24.940000534057617,24.979999542236328,24.57999992370605,24.71999931335449,24.71999931335449,156556550
2020-06-05 00:00:00+08:00,24.71999931335449,25.21999931335449,24.63999938964844,25.13999938964844,25.13999938964844,115610853
2020-06-08 00:00:00+08:00,25.34000015258789,25.420000076293945,25.059999465942383,25.13999938964844,25.13999938964844,114933961
2020-06-09 00:00:00+08:00,25.26000022888184,25.63999938964844,25.21999931335449,25.440000534057617,25.440000534057617,67431367
2020-06-10 00:00:00+08:00,25.479999542236328,25.71999931335449,25.36000061035156,25.459999084472656,25.459999084472656,129640187
2020-06-11 00:00:00+08:00,25.459999084472656,25.479999542236328,24.86000061035156,24.86000061035156,24.86000061035156,128960030
2020-06-12 00:00:00+08:00,24.3799991607666,24.739999771118164,24.299999237060547,24.700000762939453,24.700000762939453,65212851
2020-06-15 00:00:00+08:00,24.420000076293945,24.65999984741211,24.059999465942383,24.200000762939453,24.200000762939453,67236368
2020-06-16 00:00:00+08:00,24.739999771118164,24.940000534057617,24.700000762939453,24.799999237060547,24.799999237060547,54592593
2020-06-17 00:00:00+08:00,24.780000686645508,24.940000534057617,24.57999992370605,24.899999618530277,24.899999618530277,38810665
2020-06-18 00:00:00+08:00,24.799999237060547,24.8799991607666,24.5,24.8799991607666,24.8799991607666,34244296
2020-06-19 00:00:00+08:00,24.86000061035156,25.200000762939453,24.71999931335449,25.059999465942383,25.059999465942383,64024140
2020-06-22 00:00:00+08:00,24.979999542236328,25.100000381469727,24.84000015258789,25.0,25.0,42924172
2020-06-23 00:00:00+08:00,24.979999542236328,25.3799991607666,24.6200008392334,25.36000061035156,25.36000061035156,69170630
2020-06-24 00:00:00+08:00,25.520000457763672,25.559999465942383,25.239999771118164,25.239999771118164,25.239999771118164,41065891
2020-06-26 00:00:00+08:00,25.100000381469727,25.21999931335449,25.0,25.0,25.0,39282351
2020-06-29 00:00:00+08:00,25.0,25.07999992370605,24.559999465942383,24.76000022888184,24.76000022888184,70949437
2020-06-30 00:00:00+08:00,25.0,25.07999992370605,24.71999931335449,24.899999618530277,24.899999618530277,47687366
2020-07-02 00:00:00+08:00,25.239999771118164,25.739999771118164,25.239999771118164,25.700000762939453,25.700000762939453,56071003
2020-07-03 00:00:00+08:00,25.799999237060547,26.07999992370605,25.780000686645508,25.920000076293945,25.920000076293945,76449395
2020-07-06 00:00:00+08:00,26.13999938964844,27.100000381469727,26.13999938964844,26.940000534057617,26.940000534057617,164419286
2020-07-07 00:00:00+08:00,27.18000030517578,27.459999084472656,26.57999992370605,26.63999938964844,26.63999938964844,112920333
2020-07-08 00:00:00+08:00,26.76000022888184,27.0,26.559999465942383,26.739999771118164,26.739999771118164,67476611
2020-07-09 00:00:00+08:00,26.979999542236328,27.059999465942383,26.68000030517578,26.8799991607666,26.8799991607666,39781160
2020-07-10 00:00:00+08:00,26.600000381469727,26.81999969482422,26.21999931335449,26.34000015258789,26.34000015258789,68037043
2020-07-13 00:00:00+08:00,26.5,26.780000686645508,26.399999618530277,26.479999542236328,26.479999542236328,35898160
2020-07-14 00:00:00+08:00,26.36000061035156,26.36000061035156,25.920000076293945,26.15999984741211,26.15999984741211,50108482
2020-07-15 00:00:00+08:00,26.479999542236328,26.57999992370605,25.979999542236328,26.18000030517578,26.18000030517578,57137181
2020-07-16 00:00:00+08:00,26.18000030517578,26.280000686645508,25.57999992370605,25.65999984741211,25.65999984741211,52858074
2020-07-17 00:00:00+08:00,25.81999969482422,25.940000534057617,25.68000030517578,25.799999237060547,25.799999237060547,48186109
2020-07-20 00:00:00+08:00,25.780000686645508,25.8799991607666,25.399999618530277,25.71999931335449,25.71999931335449,43464011
2020-07-21 00:00:00+08:00,26.07999992370605,26.280000686645508,26.020000457763672,26.280000686645508,26.280000686645508,31669935
2020-07-22 00:00:00+08:00,26.239999771118164,26.459999084472656,25.68000030517578,25.68000030517578,25.68000030517578,132662202
2020-07-23 00:00:00+08:00,25.81999969482422,26.0,25.63999938964844,25.899999618530277,25.899999618530277,18536304
2020-07-24 00:00:00+08:00,25.739999771118164,25.799999237060547,25.26000022888184,25.36000061035156,25.36000061035156,50411461
2020-07-27 00:00:00+08:00,25.559999465942383,25.65999984741211,25.200000762939453,25.36000061035156,25.36000061035156,44898682
2020-07-28 00:00:00+08:00,25.600000381469727,25.6200008392334,25.34000015258789,25.459999084472656,25.459999084472656,30236273
2020-07-29 00:00:00+08:00,25.459999084472656,25.57999992370605,25.34000015258789,25.520000457763672,25.520000457763672,23270483
2020-07-30 00:00:00+08:00,25.600000381469727,25.8799991607666,25.26000022888184,25.34000015258789,25.34000015258789,63944454
2020-07-31 00:00:00+08:00,25.3799991607666,25.63999938964844,25.200000762939453,25.26000022888184,25.26000022888184,45245856
2020-08-03 00:00:00+08:00,25.26000022888184,25.280000686645508,24.899999618530277,25.1200008392334,25.1200008392334,34523571
2020-08-04 00:00:00+08:00,25.299999237060547,25.76000022888184,25.200000762939453,25.6200008392334,25.6200008392334,42005921
2020-08-05 00:00:00+08:00,25.700000762939453,25.86000061035156,25.540000915527344,25.799999237060547,25.799999237060547,41502814
2020-08-06 00:00:00+08:00,25.84000015258789,25.8799991607666,25.280000686645508,25.600000381469727,25.600000381469727,47394786
2020-08-07 00:00:00+08:00,25.559999465942383,25.559999465942383,24.84000015258789,25.18000030517578,25.18000030517578,50509750
2020-08-10 00:00:00+08:00,25.0,25.18000030517578,24.920000076293945,25.100000381469727,25.100000381469727,34776265
2020-08-11 00:00:00+08:00,25.239999771118164,25.700000762939453,25.239999771118164,25.559999465942383,25.559999465942383,45879029
2020-08-12 00:00:00+08:00,25.5,25.979999542236328,25.34000015258789,25.8799991607666,25.8799991607666,65729272
2020-08-13 00:00:00+08:00,26.040000915527344,26.13999938964844,25.799999237060547,25.899999618530277,25.899999618530277,64156897
2020-08-14 00:00:00+08:00,25.8799991607666,26.059999465942383,25.739999771118164,25.81999969482422,25.81999969482422,65480833
2020-08-17 00:00:00+08:00,25.86000061035156,26.280000686645508,25.86000061035156,26.0,26.0,80995616
2020-08-18 00:00:00+08:00,26.059999465942383,26.13999938964844,25.920000076293945,26.020000457763672,26.020000457763672,57547908
2020-08-19 00:00:00+08:00,26.0,26.040000915527344,25.76000022888184,25.8799991607666,25.8799991607666,23154645
2020-08-20 00:00:00+08:00,25.700000762939453,25.700000762939453,25.280000686645508,25.440000534057617,25.440000534057617,71184466
2020-08-21 00:00:00+08:00,25.600000381469727,25.8799991607666,25.559999465942383,25.780000686645508,25.780000686645508,55746563
2020-08-24 00:00:00+08:00,25.979999542236328,26.26000022888184,25.979999542236328,26.18000030517578,26.18000030517578,88492781
2020-08-25 00:00:00+08:00,26.280000686645508,26.299999237060547,26.040000915527344,26.15999984741211,26.15999984741211,61338340
2020-08-26 00:00:00+08:00,26.18000030517578,26.299999237060547,26.020000457763672,26.1200008392334,26.1200008392334,36487012
2020-08-27 00:00:00+08:00,26.15999984741211,26.21999931335449,25.8799991607666,25.959999084472656,25.959999084472656,55921651
2020-08-28 00:00:00+08:00,25.940000534057617,26.5,25.940000534057617,26.1200008392334,26.1200008392334,97626559
2020-08-31 00:00:00+08:00,26.299999237060547,26.559999465942383,25.84000015258789,25.84000015258789,25.84000015258789,95589601
2020-09-01 00:00:00+08:00,25.899999618530277,26.0,25.63999938964844,25.8799991607666,25.8799991607666,63275147
2020-09-02 00:00:00+08:00,25.899999618530277,25.979999542236328,25.63999938964844,25.81999969482422,25.81999969482422,79730594
2020-09-03 00:00:00+08:00,25.780000686645508,25.979999542236328,25.57999992370605,25.71999931335449,25.71999931335449,66067349
2020-09-04 00:00:00+08:00,25.479999542236328,25.600000381469727,25.21999931335449,25.520000457763672,25.520000457763672,142764473
2020-09-07 00:00:00+08:00,25.3799991607666,25.65999984741211,25.239999771118164,25.440000534057617,25.440000534057617,92890901
2020-09-08 00:00:00+08:00,25.520000457763672,25.540000915527344,25.07999992370605,25.3799991607666,25.3799991607666,109910470
2020-09-09 00:00:00+08:00,25.100000381469727,25.280000686645508,24.959999084472656,25.239999771118164,25.239999771118164,105657537
2020-09-10 00:00:00+08:00,25.399999618530277,25.399999618530277,25.059999465942383,25.13999938964844,25.13999938964844,45830875
2020-09-11 00:00:00+08:00,25.13999938964844,25.34000015258789,25.040000915527344,25.26000022888184,25.26000022888184,46624013
2020-09-14 00:00:00+08:00,25.34000015258789,25.520000457763672,25.299999237060547,25.399999618530277,25.399999618530277,45188327
2020-09-15 00:00:00+08:00,25.3799991607666,25.57999992370605,25.36000061035156,25.520000457763672,25.520000457763672,45849724
2020-09-16 00:00:00+08:00,25.540000915527344,25.63999938964844,25.420000076293945,25.479999542236328,25.479999542236328,40006217
2020-09-17 00:00:00+08:00,25.399999618530277,25.479999542236328,25.020000457763672,25.1200008392334,25.1200008392334,64867486
2020-09-18 00:00:00+08:00,25.239999771118164,25.26000022888184,25.07999992370605,25.239999771118164,25.239999771118164,48822387
2020-09-21 00:00:00+08:00,25.239999771118164,25.36000061035156,24.700000762939453,24.71999931335449,24.71999931335449,124941905
2020-09-22 00:00:00+08:00,24.6200008392334,24.68000030517578,24.440000534057617,24.5,24.5,93247378
2020-09-23 00:00:00+08:00,24.479999542236328,24.57999992370605,24.31999969482422,24.520000457763672,24.520000457763672,91849416
2020-09-24 00:00:00+08:00,24.34000015258789,24.36000061035156,23.979999542236328,24.1200008392334,24.1200008392334,134397017
2020-09-25 00:00:00+08:00,24.21999931335449,24.280000686645508,23.899999618530277,24.059999465942383,24.059999465942383,77083932
2020-09-28 00:00:00+08:00,24.239999771118164,24.299999237060547,24.020000457763672,24.280000686645508,24.280000686645508,79254256
2020-09-29 00:00:00+08:00,24.34000015258789,24.34000015258789,24.020000457763672,24.07999992370605,24.07999992370605,70395345
2020-09-30 00:00:00+08:00,24.200000762939453,24.57999992370605,24.13999938964844,24.280000686645508,24.280000686645508,56320305
2020-10-05 00:00:00+08:00,24.71999931335449,24.71999931335449,24.440000534057617,24.520000457763672,24.520000457763672,52447556
2020-10-06 00:00:00+08:00,24.6200008392334,24.799999237060547,24.6200008392334,24.780000686645508,24.780000686645508,41529205
2020-10-07 00:00:00+08:00,24.780000686645508,25.059999465942383,24.700000762939453,25.059999465942383,25.059999465942383,51322696
2020-10-08 00:00:00+08:00,25.040000915527344,25.040000915527344,24.799999237060547,24.940000534057617,24.940000534057617,74046496
2020-10-09 00:00:00+08:00,25.100000381469727,25.13999938964844,24.84000015258789,24.979999542236328,24.979999542236328,30779128
2020-10-12 00:00:00+08:00,25.020000457763672,25.520000457763672,24.979999542236328,25.479999542236328,25.479999542236328,47534936
2020-10-14 00:00:00+08:00,25.559999465942383,25.559999465942383,25.280000686645508,25.420000076293945,25.420000076293945,49829090
2020-10-15 00:00:00+08:00,25.3799991607666,25.3799991607666,24.8799991607666,24.899999618530277,24.899999618530277,79376147
2020-10-16 00:00:00+08:00,25.040000915527344,25.26000022888184,25.0,25.200000762939453,25.200000762939453,52032884
2020-10-19 00:00:00+08:00,25.299999237060547,25.57999992370605,25.26000022888184,25.31999969482422,25.31999969482422,54672234
2020-10-20 00:00:00+08:00,25.31999969482422,25.399999618530277,25.239999771118164,25.34000015258789,25.34000015258789,66273751
2020-10-21 00:00:00+08:00,25.559999465942383,25.65999984741211,25.420000076293945,25.540000915527344,25.540000915527344,83432750
2020-10-22 00:00:00+08:00,25.459999084472656,25.6200008392334,25.34000015258789,25.559999465942383,25.559999465942383,51803913
2020-10-23 00:00:00+08:00,25.540000915527344,25.780000686645508,25.459999084472656,25.700000762939453,25.700000762939453,48713861
2020-10-27 00:00:00+08:00,25.559999465942383,25.63999938964844,25.3799991607666,25.520000457763672,25.520000457763672,37362207
2020-10-28 00:00:00+08:00,25.520000457763672,25.6200008392334,25.3799991607666,25.459999084472656,25.459999084472656,62531482
2020-10-29 00:00:00+08:00,25.18000030517578,25.459999084472656,25.040000915527344,25.3799991607666,25.3799991607666,78352587
2020-10-30 00:00:00+08:00,24.600000381469727,24.71999931335449,24.13999938964844,24.239999771118164,24.239999771118164,79283571
2020-11-02 00:00:00+08:00,24.36000061035156,24.6200008392334,24.36000061035156,24.600000381469727,24.600000381469727,46754138
2020-11-03 00:00:00+08:00,24.799999237060547,25.21999931335449,24.799999237060547,25.1200008392334,25.1200008392334,84218849
2020-11-04 00:00:00+08:00,25.0,25.239999771118164,24.84000015258789,25.0,25.0,100126031
2020-11-05 00:00:00+08:00,25.65999984741211,25.81999969482422,25.459999084472656,25.700000762939453,25.700000762939453,84654671
2020-11-06 00:00:00+08:00,25.8799991607666,25.940000534057617,25.700000762939453,25.8799991607666,25.8799991607666,87980136
2020-11-09 00:00:00+08:00,26.299999237060547,26.34000015258789,26.100000381469727,26.15999984741211,26.15999984741211,72290066
2020-11-10 00:00:00+08:00,26.5,26.600000381469727,26.21999931335449,26.399999618530277,26.399999618530277,83898696
2020-11-11 00:00:00+08:00,26.31999969482422,26.600000381469727,26.31999969482422,26.399999618530277,26.399999618530277,97636305
2020-11-12 00:00:00+08:00,26.520000457763672,26.63999938964844,26.21999931335449,26.34000015258789,26.34000015258789,166116917
2020-11-13 00:00:00+08:00,26.239999771118164,26.31999969482422,26.07999992370605,26.299999237060547,26.299999237060547,91234196
2020-11-16 00:00:00+08:00,26.57999992370605,26.57999992370605,26.36000061035156,26.540000915527344,26.540000915527344,92118685
2020-11-17 00:00:00+08:00,26.6200008392334,26.68000030517578,26.5,26.57999992370605,26.57999992370605,71577163
2020-11-18 00:00:00+08:00,26.57999992370605,26.799999237060547,26.520000457763672,26.68000030517578,26.68000030517578,124478212
2020-11-19 00:00:00+08:00,26.6200008392334,26.6200008392334,26.479999542236328,26.520000457763672,26.520000457763672,117289137
2020-11-20 00:00:00+08:00,26.57999992370605,26.71999931335449,26.5,26.57999992370605,26.57999992370605,86855298
2020-11-23 00:00:00+08:00,26.780000686645508,26.84000015258789,26.540000915527344,26.63999938964844,26.63999938964844,62833738
2020-11-24 00:00:00+08:00,26.65999984741211,26.76000022888184,26.57999992370605,26.739999771118164,26.739999771118164,80822471
2020-11-25 00:00:00+08:00,26.940000534057617,27.21999931335449,26.76000022888184,26.780000686645508,26.780000686645508,180749789
2020-11-26 00:00:00+08:00,26.799999237060547,26.959999084472656,26.799999237060547,26.940000534057617,26.940000534057617,81798731
2020-11-27 00:00:00+08:00,26.959999084472656,27.200000762939453,26.8799991607666,27.07999992370605,27.07999992370605,91551465
2020-11-30 00:00:00+08:00,27.040000915527344,27.100000381469727,26.520000457763672,26.559999465942383,26.559999465942383,70778729
2020-12-01 00:00:00+08:00,26.600000381469727,26.81999969482422,26.559999465942383,26.71999931335449,26.71999931335449,138963572
2020-12-02 00:00:00+08:00,26.71999931335449,26.780000686645508,26.520000457763672,26.68000030517578,26.68000030517578,126219020
2020-12-03 00:00:00+08:00,26.71999931335449,26.979999542236328,26.71999931335449,26.899999618530277,26.899999618530277,142320347
2020-12-04 00:00:00+08:00,26.920000076293945,27.0,26.81999969482422,26.979999542236328,26.979999542236328,110577585
2020-12-07 00:00:00+08:00,26.959999084472656,26.959999084472656,26.420000076293945,26.6200008392334,26.6200008392334,207037986
2020-12-08 00:00:00+08:00,26.6200008392334,26.6200008392334,26.440000534057617,26.459999084472656,26.459999084472656,61081291
2020-12-09 00:00:00+08:00,26.57999992370605,26.86000061035156,26.57999992370605,26.68000030517578,26.68000030517578,100417252
2020-12-10 00:00:00+08:00,26.57999992370605,26.6200008392334,26.440000534057617,26.600000381469727,26.600000381469727,51166053
2020-12-11 00:00:00+08:00,26.700000762939453,26.8799991607666,26.6200008392334,26.700000762939453,26.700000762939453,83817969
2020-12-14 00:00:00+08:00,26.700000762939453,26.700000762939453,26.479999542236328,26.57999992370605,26.57999992370605,106098005
2020-12-15 00:00:00+08:00,26.559999465942383,26.559999465942383,26.280000686645508,26.399999618530277,26.399999618530277,108816090
2020-12-16 00:00:00+08:00,26.5,26.68000030517578,26.479999542236328,26.68000030517578,26.68000030517578,65183729
2020-12-17 00:00:00+08:00,26.68000030517578,26.86000061035156,26.57999992370605,26.86000061035156,26.86000061035156,76375643
2020-12-18 00:00:00+08:00,26.799999237060547,26.81999969482422,26.520000457763672,26.600000381469727,26.600000381469727,90258555
2020-12-21 00:00:00+08:00,26.600000381469727,26.68000030517578,26.440000534057617,26.459999084472656,26.459999084472656,65747097
2020-12-22 00:00:00+08:00,26.420000076293945,26.540000915527344,26.15999984741211,26.299999237060547,26.299999237060547,80171852
2020-12-23 00:00:00+08:00,26.26000022888184,26.520000457763672,26.239999771118164,26.520000457763672,26.520000457763672,54078882
2020-12-24 00:00:00+08:00,26.600000381469727,26.600000381469727,26.600000381469727,26.600000381469727,26.600000381469727,0
2020-12-28 00:00:00+08:00,26.57999992370605,26.700000762939453,26.459999084472656,26.479999542236328,26.479999542236328,96582169
2020-12-29 00:00:00+08:00,26.6200008392334,26.780000686645508,26.600000381469727,26.739999771118164,26.739999771118164,73601104
2020-12-30 00:00:00+08:00,26.799999237060547,27.36000061035156,26.799999237060547,27.34000015258789,27.34000015258789,154202172
2020-12-31 00:00:00+08:00,27.440000534057617,27.440000534057617,27.440000534057617,27.440000534057617,27.440000534057617,0
2021-01-04 00:00:00+08:00,27.36000061035156,27.68000030517578,27.31999969482422,27.63999938964844,27.63999938964844,228402605
2021-01-05 00:00:00+08:00,27.479999542236328,27.8799991607666,27.34000015258789,27.739999771118164,27.739999771118164,139782911
2021-01-06 00:00:00+08:00,27.799999237060547,27.940000534057617,27.57999992370605,27.84000015258789,27.84000015258789,145424037
2021-01-07 00:00:00+08:00,27.84000015258789,27.920000076293945,27.6200008392334,27.700000762939453,27.700000762939453,134972086
2021-01-08 00:00:00+08:00,27.71999931335449,28.1200008392334,27.71999931335449,28.020000457763672,28.020000457763672,137061944
2021-01-11 00:00:00+08:00,28.1200008392334,28.34000015258789,27.920000076293945,28.1200008392334,28.1200008392334,181701554
2021-01-12 00:00:00+08:00,28.0,28.440000534057617,27.940000534057617,28.399999618530277,28.399999618530277,93943696
2021-01-13 00:00:00+08:00,28.399999618530277,28.559999465942383,28.31999969482422,28.399999618530277,28.399999618530277,83291762
2021-01-14 00:00:00+08:00,28.520000457763672,28.68000030517578,28.440000534057617,28.63999938964844,28.63999938964844,68101095
2021-01-15 00:00:00+08:00,28.600000381469727,28.84000015258789,28.479999542236328,28.780000686645508,28.780000686645508,119929592
2021-01-18 00:00:00+08:00,28.57999992370605,29.020000457763672,28.559999465942383,29.0,29.0,113377041
2021-01-19 00:00:00+08:00,29.21999931335449,30.07999992370605,29.21999931335449,29.799999237060547,29.799999237060547,199207037
2021-01-20 00:00:00+08:00,29.799999237060547,30.15999984741211,29.799999237060547,30.07999992370605,30.07999992370605,109706843
2021-01-21 00:00:00+08:00,30.1200008392334,30.34000015258789,29.959999084472656,30.059999465942383,30.059999465942383,141578283
2021-01-22 00:00:00+08:00,30.0,30.059999465942383,29.57999992370605,29.6200008392334,29.6200008392334,115067230
2021-01-25 00:00:00+08:00,29.81999969482422,30.36000061035156,29.81999969482422,30.280000686645508,30.280000686645508,87663207
2021-01-26 00:00:00+08:00,30.100000381469727,30.13999938964844,29.520000457763672,29.559999465942383,29.559999465942383,149976152
2021-01-27 00:00:00+08:00,29.6200008392334,29.799999237060547,29.3799991607666,29.459999084472656,29.459999084472656,95880766
2021-01-28 00:00:00+08:00,29.1200008392334,29.31999969482422,28.600000381469727,28.700000762939453,28.700000762939453,247389991
2021-01-29 00:00:00+08:00,28.899999618530277,29.07999992370605,28.420000076293945,28.459999084472656,28.459999084472656,141637546
2021-02-01 00:00:00+08:00,28.540000915527344,29.15999984741211,28.540000915527344,29.059999465942383,29.059999465942383,129783654
2021-02-02 00:00:00+08:00,29.26000022888184,29.65999984741211,29.26000022888184,29.420000076293945,29.420000076293945,81083580
2021-02-03 00:00:00+08:00,29.479999542236328,29.479999542236328,29.1200008392334,29.459999084472656,29.459999084472656,95317398
2021-02-04 00:00:00+08:00,29.31999969482422,29.57999992370605,28.940000534057617,29.239999771118164,29.239999771118164,107379704
2021-02-05 00:00:00+08:00,29.459999084472656,29.65999984741211,29.34000015258789,29.479999542236328,29.479999542236328,174172378
2021-02-08 00:00:00+08:00,29.71999931335449,29.8799991607666,29.440000534057617,29.5,29.5,152370247
2021-02-09 00:00:00+08:00,29.540000915527344,29.700000762939453,29.440000534057617,29.57999992370605,29.57999992370605,106806595
2021-02-10 00:00:00+08:00,29.86000061035156,30.280000686645508,29.86000061035156,30.26000022888184,30.26000022888184,102634411
2021-02-11 00:00:00+08:00,30.31999969482422,30.31999969482422,30.31999969482422,30.31999969482422,30.31999969482422,0
2021-02-16 00:00:00+08:00,30.71999931335449,30.979999542236328,30.68000030517578,30.899999618530277,30.899999618530277,146038534
2021-02-17 00:00:00+08:00,30.700000762939453,31.34000015258789,30.63999938964844,31.239999771118164,31.239999771118164,156462589
2021-02-18 00:00:00+08:00,31.299999237060547,31.299999237060547,30.71999931335449,30.780000686645508,30.780000686645508,278673260
2021-02-19 00:00:00+08:00,30.700000762939453,30.86000061035156,30.26000022888184,30.799999237060547,30.799999237060547,176854354
2021-02-22 00:00:00+08:00,31.020000457763672,31.18000030517578,30.440000534057617,30.520000457763672,30.520000457763672,170119979
2021-02-23 00:00:00+08:00,30.399999618530277,31.13999938964844,30.34000015258789,30.799999237060547,30.799999237060547,139979605
2021-02-24 00:00:00+08:00,31.0,31.0,29.739999771118164,29.8799991607666,29.8799991607666,340256196
2021-02-25 00:00:00+08:00,30.239999771118164,30.6200008392334,30.0,30.31999969482422,30.31999969482422,260385453
2021-02-26 00:00:00+08:00,29.700000762939453,29.76000022888184,29.18000030517578,29.21999931335449,29.21999931335449,265158847
2021-03-01 00:00:00+08:00,29.540000915527344,29.68000030517578,29.36000061035156,29.57999992370605,29.57999992370605,63139114
2021-03-02 00:00:00+08:00,29.739999771118164,29.920000076293945,29.1200008392334,29.239999771118164,29.239999771118164,307064616
2021-03-03 00:00:00+08:00,29.299999237060547,30.100000381469727,29.299999237060547,30.0,30.0,144071549
2021-03-04 00:00:00+08:00,29.57999992370605,29.76000022888184,29.26000022888184,29.420000076293945,29.420000076293945,159091833
2021-03-05 00:00:00+08:00,29.0,29.559999465942383,28.700000762939453,29.239999771118164,29.239999771118164,259968152
2021-03-08 00:00:00+08:00,29.57999992370605,29.57999992370605,28.600000381469727,28.739999771118164,28.739999771118164,92655836
2021-03-09 00:00:00+08:00,28.86000061035156,29.239999771118164,28.559999465942383,28.959999084472656,28.959999084472656,136263489
2021-03-10 00:00:00+08:00,29.299999237060547,29.34000015258789,28.940000534057617,29.13999938964844,29.13999938964844,65562530
2021-03-11 00:00:00+08:00,29.18000030517578,29.68000030517578,29.18000030517578,29.57999992370605,29.57999992370605,77424032
2021-03-12 00:00:00+08:00,29.799999237060547,29.799999237060547,28.979999542236328,29.0,29.0,93625000
2021-03-15 00:00:00+08:00,29.15999984741211,29.420000076293945,28.899999618530277,29.1200008392334,29.1200008392334,123480221
2021-03-16 00:00:00+08:00,29.31999969482422,29.3799991607666,29.1200008392334,29.26000022888184,29.26000022888184,82439909
2021-03-17 00:00:00+08:00,29.280000686645508,29.440000534057617,29.040000915527344,29.299999237060547,29.299999237060547,107180831
2021-03-18 00:00:00+08:00,29.57999992370605,29.84000015258789,29.57999992370605,29.65999984741211,29.65999984741211,115320699
2021-03-19 00:00:00+08:00,29.479999542236328,29.520000457763672,29.0,29.18000030517578,29.18000030517578,65560557
2021-03-22 00:00:00+08:00,29.07999992370605,29.399999618530277,29.059999465942383,29.100000381469727,29.100000381469727,52206663
2021-03-23 00:00:00+08:00,29.18000030517578,29.26000022888184,28.6200008392334,28.799999237060547,28.799999237060547,130071848
2021-03-24 00:00:00+08:00,28.71999931335449,28.76000022888184,28.059999465942383,28.1200008392334,28.1200008392334,73412137
2021-03-25 00:00:00+08:00,27.979999542236328,28.26000022888184,27.780000686645508,28.15999984741211,28.15999984741211,75622007
2021-03-26 00:00:00+08:00,28.26000022888184,28.68000030517578,28.26000022888184,28.559999465942383,28.559999465942383,60283922
2021-03-29 00:00:00+08:00,28.559999465942383,28.76000022888184,28.3799991607666,28.6200008392334,28.6200008392334,71440110
2021-03-30 00:00:00+08:00,28.68000030517578,28.979999542236328,28.63999938964844,28.81999969482422,28.81999969482422,70138159
2021-03-31 00:00:00+08:00,29.0,29.040000915527344,28.600000381469727,28.65999984741211,28.65999984741211,51539018
2021-04-01 00:00:00+08:00,28.81999969482422,29.21999931335449,28.76000022888184,29.15999984741211,29.15999984741211,119073490
2021-04-07 00:00:00+08:00,29.31999969482422,29.36000061035156,28.86000061035156,28.899999618530277,28.899999618530277,70149604
2021-04-08 00:00:00+08:00,28.76000022888184,29.34000015258789,28.76000022888184,29.280000686645508,29.280000686645508,61542723
2021-04-09 00:00:00+08:00,29.31999969482422,29.31999969482422,28.86000061035156,29.0,29.0,109682038
2021-04-12 00:00:00+08:00,29.0,29.059999465942383,28.540000915527344,28.63999938964844,28.63999938964844,92656958
2021-04-13 00:00:00+08:00,28.780000686645508,29.13999938964844,28.700000762939453,28.920000076293945,28.920000076293945,97292551
2021-04-14 00:00:00+08:00,29.0,29.26000022888184,28.940000534057617,29.200000762939453,29.200000762939453,111558109
2021-04-15 00:00:00+08:00,29.13999938964844,29.13999938964844,28.780000686645508,29.020000457763672,29.020000457763672,74662090
2021-04-16 00:00:00+08:00,29.07999992370605,29.34000015258789,28.959999084472656,29.239999771118164,29.239999771118164,138701013
2021-04-19 00:00:00+08:00,29.239999771118164,29.600000381469727,29.040000915527344,29.3799991607666,29.3799991607666,68458582
2021-04-20 00:00:00+08:00,29.200000762939453,29.479999542236328,29.1200008392334,29.36000061035156,29.36000061035156,82873525
2021-04-21 00:00:00+08:00,29.020000457763672,29.020000457763672,28.76000022888184,28.899999618530277,28.899999618530277,113423937
2021-04-22 00:00:00+08:00,28.979999542236328,29.100000381469727,28.86000061035156,29.0,29.0,111073126
2021-04-23 00:00:00+08:00,29.0,29.3799991607666,29.0,29.36000061035156,29.36000061035156,66272214
2021-04-26 00:00:00+08:00,29.36000061035156,29.540000915527344,29.18000030517578,29.21999931335449,29.21999931335449,96886088
2021-04-27 00:00:00+08:00,29.15999984741211,29.31999969482422,29.100000381469727,29.15999984741211,29.15999984741211,84068362
2021-04-28 00:00:00+08:00,29.200000762939453,29.34000015258789,29.15999984741211,29.34000015258789,29.34000015258789,69781158
2021-04-29 00:00:00+08:00,29.34000015258789,29.57999992370605,29.31999969482422,29.459999084472656,29.459999084472656,86663710
2021-04-30 00:00:00+08:00,29.26000022888184,29.280000686645508,28.799999237060547,28.799999237060547,28.799999237060547,92409350
2021-05-03 00:00:00+08:00,28.86000061035156,28.86000061035156,28.399999618530277,28.479999542236328,28.479999542236328,127876293
2021-05-04 00:00:00+08:00,28.5,28.780000686645508,28.479999542236328,28.780000686645508,28.780000686645508,64161714
2021-05-05 00:00:00+08:00,28.600000381469727,28.86000061035156,28.5,28.63999938964844,28.63999938964844,76845974
2021-05-06 00:00:00+08:00,28.739999771118164,28.959999084472656,28.540000915527344,28.780000686645508,28.780000686645508,109670006
2021-05-07 00:00:00+08:00,28.940000534057617,29.059999465942383,28.71999931335449,28.81999969482422,28.81999969482422,136163189
2021-05-10 00:00:00+08:00,28.959999084472656,29.040000915527344,28.63999938964844,28.739999771118164,28.739999771118164,54038944
2021-05-11 00:00:00+08:00,28.440000534057617,28.440000534057617,28.07999992370605,28.1200008392334,28.1200008392334,213603503
2021-05-12 00:00:00+08:00,28.18000030517578,28.399999618530277,28.059999465942383,28.399999618530277,28.399999618530277,223281629
2021-05-13 00:00:00+08:00,28.100000381469727,28.239999771118164,27.899999618530277,27.979999542236328,27.979999542236328,153172831
2021-05-14 00:00:00+08:00,28.100000381469727,28.26000022888184,27.899999618530277,28.200000762939453,28.200000762939453,132378939
2021-05-17 00:00:00+08:00,28.299999237060547,28.459999084472656,28.239999771118164,28.3799991607666,28.3799991607666,142414904
2021-05-18 00:00:00+08:00,28.520000457763672,28.84000015258789,28.520000457763672,28.780000686645508,28.780000686645508,99167757
2021-05-20 00:00:00+08:00,28.520000457763672,28.700000762939453,28.479999542236328,28.6200008392334,28.6200008392334,121690206
2021-05-21 00:00:00+08:00,28.71999931335449,28.780000686645508,28.5,28.63999938964844,28.63999938964844,147652140
2021-05-24 00:00:00+08:00,28.63999938964844,28.68000030517578,28.420000076293945,28.65999984741211,28.65999984741211,54810736
2021-05-25 00:00:00+08:00,28.700000762939453,29.200000762939453,28.700000762939453,29.18000030517578,29.18000030517578,122001934
2021-05-26 00:00:00+08:00,29.21999931335449,29.559999465942383,29.21999931335449,29.3799991607666,29.3799991607666,164987331
2021-05-27 00:00:00+08:00,29.3799991607666,29.459999084472656,29.26000022888184,29.3799991607666,29.3799991607666,168068872
2021-05-28 00:00:00+08:00,29.440000534057617,29.65999984741211,29.36000061035156,29.420000076293945,29.420000076293945,118076804
2021-05-31 00:00:00+08:00,29.420000076293945,29.459999084472656,29.21999931335449,29.399999618530277,29.399999618530277,112240105
2021-06-01 00:00:00+08:00,29.399999618530277,29.799999237060547,29.36000061035156,29.780000686645508,29.780000686645508,98728369
2021-06-02 00:00:00+08:00,29.76000022888184,29.81999969482422,29.520000457763672,29.57999992370605,29.57999992370605,90801081
2021-06-03 00:00:00+08:00,29.57999992370605,29.700000762939453,29.239999771118164,29.26000022888184,29.26000022888184,98427372
2021-06-04 00:00:00+08:00,29.13999938964844,29.3799991607666,29.07999992370605,29.239999771118164,29.239999771118164,111515232
2021-06-07 00:00:00+08:00,29.299999237060547,29.34000015258789,28.979999542236328,29.13999938964844,29.13999938964844,88395722
2021-06-08 00:00:00+08:00,29.21999931335449,29.34000015258789,28.979999542236328,29.1200008392334,29.1200008392334,131938862
2021-06-09 00:00:00+08:00,29.13999938964844,29.200000762939453,29.020000457763672,29.100000381469727,29.100000381469727,55672011
2021-06-10 00:00:00+08:00,29.100000381469727,29.299999237060547,29.0,29.07999992370605,29.07999992370605,85369409
2021-06-11 00:00:00+08:00,29.15999984741211,29.31999969482422,29.07999992370605,29.200000762939453,29.200000762939453,90191570
2021-06-15 00:00:00+08:00,29.26000022888184,29.26000022888184,28.799999237060547,29.0,29.0,108019194
2021-06-16 00:00:00+08:00,29.0,29.0,28.780000686645508,28.799999237060547,28.799999237060547,72146050
2021-06-17 00:00:00+08:00,28.65999984741211,28.8799991607666,28.540000915527344,28.8799991607666,28.8799991607666,85506564
2021-06-18 00:00:00+08:00,28.899999618530277,29.18000030517578,28.86000061035156,29.15999984741211,29.15999984741211,120050435
2021-06-21 00:00:00+08:00,28.920000076293945,28.959999084472656,28.700000762939453,28.86000061035156,28.86000061035156,128110956
2021-06-22 00:00:00+08:00,28.940000534057617,28.940000534057617,28.63999938964844,28.65999984741211,28.65999984741211,72478803
2021-06-23 00:00:00+08:00,28.799999237060547,29.280000686645508,28.780000686645508,29.21999931335449,29.21999931335449,98731810
2021-06-24 00:00:00+08:00,29.21999931335449,29.36000061035156,29.15999984741211,29.280000686645508,29.280000686645508,82759202
2021-06-25 00:00:00+08:00,29.36000061035156,29.700000762939453,29.34000015258789,29.6200008392334,29.6200008392334,97693380
2021-06-28 00:00:00+08:00,29.63999938964844,29.76000022888184,29.63999938964844,29.63999938964844,29.63999938964844,30504304
2021-06-29 00:00:00+08:00,29.63999938964844,29.68000030517578,29.34000015258789,29.420000076293945,29.420000076293945,88806525
2021-06-30 00:00:00+08:00,29.479999542236328,29.559999465942383,29.239999771118164,29.239999771118164,29.239999771118164,53109935
2021-07-02 00:00:00+08:00,29.239999771118164,29.239999771118164,28.68000030517578,28.739999771118164,28.739999771118164,119439414
2021-07-05 00:00:00+08:00,28.700000762939453,28.780000686645508,28.520000457763672,28.63999938964844,28.63999938964844,103797915
2021-07-06 00:00:00+08:00,28.63999938964844,28.63999938964844,28.34000015258789,28.559999465942383,28.559999465942383,135749753
2021-07-07 00:00:00+08:00,28.479999542236328,28.540000915527344,28.26000022888184,28.540000915527344,28.540000915527344,122170518
2021-07-08 00:00:00+08:00,28.399999618530277,28.440000534057617,27.63999938964844,27.739999771118164,27.739999771118164,196854803
2021-07-09 00:00:00+08:00,27.739999771118164,28.0,27.399999618530277,27.940000534057617,27.940000534057617,124739519
2021-07-12 00:00:00+08:00,28.13999938964844,28.239999771118164,27.940000534057617,28.100000381469727,28.100000381469727,112584027
2021-07-13 00:00:00+08:00,28.200000762939453,28.559999465942383,28.15999984741211,28.479999542236328,28.479999542236328,129453937
2021-07-14 00:00:00+08:00,28.440000534057617,28.440000534057617,28.21999931335449,28.299999237060547,28.299999237060547,136726760
2021-07-15 00:00:00+08:00,28.299999237060547,28.71999931335449,28.280000686645508,28.5,28.5,129869836
2021-07-16 00:00:00+08:00,28.420000076293945,28.76000022888184,28.3799991607666,28.600000381469727,28.600000381469727,174129857
2021-07-19 00:00:00+08:00,28.280000686645508,28.280000686645508,27.920000076293945,28.0,28.0,129778315
2021-07-20 00:00:00+08:00,27.899999618530277,28.07999992370605,27.63999938964844,27.76000022888184,27.76000022888184,195598372
2021-07-21 00:00:00+08:00,27.899999618530277,27.899999618530277,27.479999542236328,27.76000022888184,27.76000022888184,206168694
2021-07-22 00:00:00+08:00,27.959999084472656,28.299999237060547,27.959999084472656,28.239999771118164,28.239999771118164,96105716
2021-07-23 00:00:00+08:00,28.239999771118164,28.239999771118164,27.739999771118164,27.86000061035156,27.86000061035156,142216153
2021-07-26 00:00:00+08:00,27.5,27.5,26.700000762939453,26.700000762939453,26.700000762939453,304025928
2021-07-27 00:00:00+08:00,26.540000915527344,26.86000061035156,25.26000022888184,25.65999984741211,25.65999984741211,392320825
2021-07-28 00:00:00+08:00,26.0,26.040000915527344,25.36000061035156,26.040000915527344,26.040000915527344,224807879
2021-07-29 00:00:00+08:00,26.6200008392334,26.86000061035156,26.36000061035156,26.84000015258789,26.84000015258789,287262714
2021-07-30 00:00:00+08:00,26.559999465942383,26.68000030517578,26.15999984741211,26.520000457763672,26.520000457763672,170931870
2021-08-02 00:00:00+08:00,26.559999465942383,26.84000015258789,26.280000686645508,26.71999931335449,26.71999931335449,132804970
2021-08-03 00:00:00+08:00,26.739999771118164,26.780000686645508,26.299999237060547,26.68000030517578,26.68000030517578,163455490
2021-08-04 00:00:00+08:00,26.6200008392334,27.15999984741211,26.520000457763672,26.940000534057617,26.940000534057617,104254517
2021-08-05 00:00:00+08:00,26.920000076293945,27.07999992370605,26.63999938964844,26.71999931335449,26.71999931335449,139972359
2021-08-06 00:00:00+08:00,26.71999931335449,26.799999237060547,26.5,26.700000762939453,26.700000762939453,141828729
2021-08-09 00:00:00+08:00,26.5,27.040000915527344,26.420000076293945,26.76000022888184,26.76000022888184,110178501
2021-08-10 00:00:00+08:00,26.940000534057617,27.1200008392334,26.63999938964844,27.07999992370605,27.07999992370605,202917571
2021-08-11 00:00:00+08:00,27.0,27.34000015258789,26.940000534057617,27.13999938964844,27.13999938964844,158300464
2021-08-12 00:00:00+08:00,27.13999938964844,27.21999931335449,26.899999618530277,26.979999542236328,26.979999542236328,123058958
2021-08-13 00:00:00+08:00,26.8799991607666,27.059999465942383,26.71999931335449,26.899999618530277,26.899999618530277,155368775
2021-08-16 00:00:00+08:00,26.8799991607666,26.979999542236328,26.57999992370605,26.71999931335449,26.71999931335449,58478965
2021-08-17 00:00:00+08:00,26.700000762939453,26.780000686645508,26.13999938964844,26.26000022888184,26.26000022888184,174872152
2021-08-18 00:00:00+08:00,26.31999969482422,26.540000915527344,26.239999771118164,26.3799991607666,26.3799991607666,169612853
2021-08-19 00:00:00+08:00,26.299999237060547,26.36000061035156,25.739999771118164,25.84000015258789,25.84000015258789,216318363
2021-08-20 00:00:00+08:00,25.84000015258789,25.84000015258789,25.1200008392334,25.3799991607666,25.3799991607666,249303762
2021-08-23 00:00:00+08:00,25.68000030517578,26.020000457763672,25.57999992370605,25.68000030517578,25.68000030517578,152536673
2021-08-24 00:00:00+08:00,25.979999542236328,26.239999771118164,25.899999618530277,26.239999771118164,26.239999771118164,130935414
2021-08-25 00:00:00+08:00,26.420000076293945,26.559999465942383,26.13999938964844,26.26000022888184,26.26000022888184,103494422
2021-08-26 00:00:00+08:00,26.13999938964844,26.280000686645508,25.84000015258789,25.979999542236328,25.979999542236328,105433988
2021-08-27 00:00:00+08:00,25.979999542236328,26.239999771118164,25.899999618530277,25.959999084472656,25.959999084472656,43539144
2021-08-30 00:00:00+08:00,25.979999542236328,26.15999984741211,25.780000686645508,26.100000381469727,26.100000381469727,28772276
2021-08-31 00:00:00+08:00,26.07999992370605,26.420000076293945,25.700000762939453,26.420000076293945,26.420000076293945,91394001
2021-09-01 00:00:00+08:00,26.399999618530277,26.68000030517578,26.26000022888184,26.600000381469727,26.600000381469727,186144619
2021-09-02 00:00:00+08:00,26.71999931335449,26.979999542236328,26.600000381469727,26.700000762939453,26.700000762939453,127276466
2021-09-03 00:00:00+08:00,26.57999992370605,26.700000762939453,26.440000534057617,26.540000915527344,26.540000915527344,32987358
2021-09-06 00:00:00+08:00,26.540000915527344,26.799999237060547,26.459999084472656,26.76000022888184,26.76000022888184,69575356
2021-09-07 00:00:00+08:00,26.799999237060547,27.07999992370605,26.71999931335449,26.979999542236328,26.979999542236328,123919910
2021-09-08 00:00:00+08:00,26.979999542236328,27.18000030517578,26.799999237060547,26.899999618530277,26.899999618530277,125152959
2021-09-09 00:00:00+08:00,26.71999931335449,26.76000022888184,26.280000686645508,26.34000015258789,26.34000015258789,75659942
2021-09-10 00:00:00+08:00,26.479999542236328,26.86000061035156,26.479999542236328,26.84000015258789,26.84000015258789,170895552
2021-09-13 00:00:00+08:00,26.540000915527344,26.540000915527344,26.21999931335449,26.459999084472656,26.459999084472656,202536124
2021-09-14 00:00:00+08:00,26.479999542236328,26.559999465942383,26.020000457763672,26.15999984741211,26.15999984741211,185164908
2021-09-15 00:00:00+08:00,26.0,26.07999992370605,25.63999938964844,25.780000686645508,25.780000686645508,204130999
2021-09-16 00:00:00+08:00,25.700000762939453,25.700000762939453,25.15999984741211,25.36000061035156,25.36000061035156,127594016
2021-09-17 00:00:00+08:00,25.299999237060547,25.57999992370605,25.07999992370605,25.57999992370605,25.57999992370605,84603738
2021-09-20 00:00:00+08:00,25.34000015258789,25.34000015258789,24.520000457763672,24.76000022888184,24.76000022888184,292965897
2021-09-21 00:00:00+08:00,24.559999465942383,24.920000076293945,24.440000534057617,24.86000061035156,24.86000061035156,218963432
2021-09-23 00:00:00+08:00,25.18000030517578,25.479999542236328,24.959999084472656,25.18000030517578,25.18000030517578,187960886
2021-09-24 00:00:00+08:00,25.100000381469727,25.280000686645508,24.71999931335449,24.86000061035156,24.86000061035156,83459287
2021-09-27 00:00:00+08:00,24.799999237060547,25.15999984741211,24.799999237060547,24.81999969482422,24.81999969482422,104754659
2021-09-28 00:00:00+08:00,24.899999618530277,25.31999969482422,24.8799991607666,25.1200008392334,25.1200008392334,235192042
2021-09-29 00:00:00+08:00,24.979999542236328,25.36000061035156,24.700000762939453,25.31999969482422,25.31999969482422,212061623
2021-09-30 00:00:00+08:00,25.15999984741211,25.31999969482422,25.0,25.21999931335449,25.21999931335449,71078931
2021-10-04 00:00:00+08:00,25.15999984741211,25.15999984741211,24.559999465942383,24.71999931335449,24.71999931335449,149813771
2021-10-05 00:00:00+08:00,24.440000534057617,24.86000061035156,24.36000061035156,24.76000022888184,24.76000022888184,180428381
2021-10-06 00:00:00+08:00,24.8799991607666,24.8799991607666,24.459999084472656,24.6200008392334,24.6200008392334,242161618
2021-10-07 00:00:00+08:00,24.940000534057617,25.420000076293945,24.940000534057617,25.36000061035156,25.36000061035156,71846188
2021-10-08 00:00:00+08:00,25.6200008392334,25.63999938964844,25.280000686645508,25.479999542236328,25.479999542236328,258944983
2021-10-11 00:00:00+08:00,25.700000762939453,26.100000381469727,25.700000762939453,25.940000534057617,25.940000534057617,126088908
2021-10-12 00:00:00+08:00,25.700000762939453,25.84000015258789,25.540000915527344,25.600000381469727,25.600000381469727,144967252
2021-10-15 00:00:00+08:00,25.81999969482422,25.979999542236328,25.57999992370605,25.979999542236328,25.979999542236328,198904310
2021-10-18 00:00:00+08:00,26.07999992370605,26.100000381469727,25.780000686645508,26.100000381469727,26.100000381469727,169890340
2021-10-19 00:00:00+08:00,26.15999984741211,26.5,26.13999938964844,26.440000534057617,26.440000534057617,109018342
2021-10-20 00:00:00+08:00,26.65999984741211,26.8799991607666,26.559999465942383,26.81999969482422,26.81999969482422,168641518
2021-10-21 00:00:00+08:00,26.799999237060547,26.899999618530277,26.5,26.6200008392334,26.6200008392334,203081360
2021-10-22 00:00:00+08:00,26.76000022888184,26.84000015258789,26.63999938964844,26.76000022888184,26.76000022888184,114325908
2021-10-25 00:00:00+08:00,26.68000030517578,26.8799991607666,26.57999992370605,26.780000686645508,26.780000686645508,63407691
2021-10-26 00:00:00+08:00,26.8799991607666,26.8799991607666,26.559999465942383,26.68000030517578,26.68000030517578,112252731
2021-10-27 00:00:00+08:00,26.440000534057617,26.440000534057617,26.21999931335449,26.280000686645508,26.280000686645508,100978240
2021-10-28 00:00:00+08:00,26.280000686645508,26.399999618530277,26.1200008392334,26.18000030517578,26.18000030517578,133484358
2021-10-29 00:00:00+08:00,25.63999938964844,25.63999938964844,25.440000534057617,25.520000457763672,25.520000457763672,119120618
2021-11-01 00:00:00+08:00,25.420000076293945,25.440000534057617,25.100000381469727,25.299999237060547,25.299999237060547,119223633
2021-11-02 00:00:00+08:00,25.63999938964844,25.76000022888184,25.15999984741211,25.299999237060547,25.299999237060547,118401062
2021-11-03 00:00:00+08:00,25.18000030517578,25.31999969482422,24.920000076293945,25.15999984741211,25.15999984741211,126020555
2021-11-04 00:00:00+08:00,25.26000022888184,25.3799991607666,25.1200008392334,25.3799991607666,25.3799991607666,80502478
2021-11-05 00:00:00+08:00,25.1200008392334,25.18000030517578,24.84000015258789,25.07999992370605,25.07999992370605,158204889
2021-11-08 00:00:00+08:00,24.979999542236328,24.979999542236328,24.799999237060547,24.959999084472656,24.959999084472656,155069948
2021-11-09 00:00:00+08:00,25.059999465942383,25.100000381469727,24.81999969482422,24.959999084472656,24.959999084472656,83223048
2021-11-10 00:00:00+08:00,24.899999618530277,25.15999984741211,24.600000381469727,25.15999984741211,25.15999984741211,208461285
2021-11-11 00:00:00+08:00,25.020000457763672,25.479999542236328,24.940000534057617,25.440000534057617,25.440000534057617,92441060
2021-11-12 00:00:00+08:00,25.65999984741211,25.65999984741211,25.34000015258789,25.5,25.5,105369599
2021-11-15 00:00:00+08:00,25.559999465942383,25.600000381469727,25.36000061035156,25.559999465942383,25.559999465942383,91847053
2021-11-16 00:00:00+08:00,25.600000381469727,25.899999618530277,25.540000915527344,25.799999237060547,25.799999237060547,106885999
2021-11-17 00:00:00+08:00,25.739999771118164,25.799999237060547,25.63999938964844,25.780000686645508,25.780000686645508,136394741
2021-11-18 00:00:00+08:00,25.520000457763672,25.559999465942383,25.36000061035156,25.399999618530277,25.399999618530277,125771052
2021-11-19 00:00:00+08:00,25.100000381469727,25.21999931335449,24.940000534057617,25.18000030517578,25.18000030517578,156635814
2021-11-22 00:00:00+08:00,25.200000762939453,25.26000022888184,25.020000457763672,25.100000381469727,25.100000381469727,90297639
2021-11-23 00:00:00+08:00,24.86000061035156,24.959999084472656,24.739999771118164,24.81999969482422,24.81999969482422,125764402
2021-11-24 00:00:00+08:00,24.8799991607666,25.0,24.700000762939453,24.86000061035156,24.86000061035156,91987875
2021-11-25 00:00:00+08:00,24.81999969482422,24.920000076293945,24.65999984741211,24.920000076293945,24.920000076293945,120091303
2021-11-26 00:00:00+08:00,24.68000030517578,24.68000030517578,24.200000762939453,24.26000022888184,24.26000022888184,127849172
2021-11-29 00:00:00+08:00,24.1200008392334,24.299999237060547,23.899999618530277,24.13999938964844,24.13999938964844,209546164
2021-11-30 00:00:00+08:00,24.100000381469727,24.100000381469727,23.299999237060547,23.6200008392334,23.6200008392334,228092887
2021-12-01 00:00:00+08:00,23.71999931335449,24.020000457763672,23.700000762939453,23.84000015258789,23.84000015258789,69429514
2021-12-02 00:00:00+08:00,23.739999771118164,23.959999084472656,23.65999984741211,23.959999084472656,23.959999084472656,120228802
2021-12-03 00:00:00+08:00,23.8799991607666,23.959999084472656,23.57999992370605,23.920000076293945,23.920000076293945,137673000
2021-12-06 00:00:00+08:00,23.600000381469727,23.780000686645508,23.459999084472656,23.5,23.5,156605173
2021-12-07 00:00:00+08:00,23.81999969482422,24.13999938964844,23.65999984741211,24.13999938964844,24.13999938964844,119866887
2021-12-08 00:00:00+08:00,24.200000762939453,24.21999931335449,24.040000915527344,24.15999984741211,24.15999984741211,87442525
2021-12-09 00:00:00+08:00,24.299999237060547,24.459999084472656,24.299999237060547,24.3799991607666,24.3799991607666,85882002
2021-12-10 00:00:00+08:00,24.21999931335449,24.3799991607666,24.059999465942383,24.1200008392334,24.1200008392334,116763136
2021-12-13 00:00:00+08:00,24.36000061035156,24.520000457763672,24.07999992370605,24.13999938964844,24.13999938964844,104282674
2021-12-14 00:00:00+08:00,23.84000015258789,23.959999084472656,23.71999931335449,23.76000022888184,23.76000022888184,109230893
2021-12-15 00:00:00+08:00,23.81999969482422,23.8799991607666,23.479999542236328,23.57999992370605,23.57999992370605,119409660
2021-12-16 00:00:00+08:00,23.520000457763672,23.68000030517578,23.299999237060547,23.65999984741211,23.65999984741211,188671973
2021-12-17 00:00:00+08:00,23.63999938964844,23.63999938964844,23.299999237060547,23.34000015258789,23.34000015258789,172463532
2021-12-20 00:00:00+08:00,23.21999931335449,23.299999237060547,22.81999969482422,22.899999618530277,22.899999618530277,120704654
2021-12-21 00:00:00+08:00,22.920000076293945,23.21999931335449,22.8799991607666,23.100000381469727,23.100000381469727,144791716
2021-12-22 00:00:00+08:00,23.31999969482422,23.3799991607666,23.1200008392334,23.200000762939453,23.200000762939453,61533742
2021-12-23 00:00:00+08:00,23.299999237060547,23.399999618530277,23.18000030517578,23.34000015258789,23.34000015258789,96107039
2021-12-24 00:00:00+08:00,23.399999618530277,23.399999618530277,23.399999618530277,23.399999618530277,23.399999618530277,0
2021-12-28 00:00:00+08:00,23.399999618530277,23.459999084472656,23.239999771118164,23.420000076293945,23.420000076293945,89272826
2021-12-29 00:00:00+08:00,23.3799991607666,23.3799991607666,23.13999938964844,23.200000762939453,23.200000762939453,103755282
2021-12-30 00:00:00+08:00,23.21999931335449,23.399999618530277,23.1200008392334,23.280000686645508,23.280000686645508,177232854
2021-12-31 00:00:00+08:00,23.559999465942383,23.559999465942383,23.559999465942383,23.559999465942383,23.559999465942383,0
2022-01-03 00:00:00+08:00,23.65999984741211,23.76000022888184,23.34000015258789,23.399999618530277,23.399999618530277,100227198
2022-01-04 00:00:00+08:00,23.520000457763672,23.57999992370605,23.280000686645508,23.440000534057617,23.440000534057617,74708335
2022-01-05 00:00:00+08:00,23.440000534057617,23.440000534057617,23.0,23.040000915527344,23.040000915527344,149530742
2022-01-06 00:00:00+08:00,23.0,23.21999931335449,22.86000061035156,23.21999931335449,23.21999931335449,116238361
2022-01-07 00:00:00+08:00,23.399999618530277,23.65999984741211,23.280000686645508,23.63999938964844,23.63999938964844,169287010
2022-01-10 00:00:00+08:00,23.6200008392334,23.920000076293945,23.540000915527344,23.84000015258789,23.84000015258789,187033452
2022-01-11 00:00:00+08:00,23.81999969482422,24.0,23.700000762939453,23.86000061035156,23.86000061035156,139938734
2022-01-12 00:00:00+08:00,24.1200008392334,24.520000457763672,24.1200008392334,24.5,24.5,193702156
2022-01-13 00:00:00+08:00,24.63999938964844,24.68000030517578,24.440000534057617,24.559999465942383,24.559999465942383,136488810
2022-01-14 00:00:00+08:00,24.299999237060547,24.520000457763672,24.280000686645508,24.479999542236328,24.479999542236328,163330265
2022-01-17 00:00:00+08:00,24.479999542236328,24.540000915527344,24.239999771118164,24.34000015258789,24.34000015258789,133736058
2022-01-18 00:00:00+08:00,24.3799991607666,24.540000915527344,24.15999984741211,24.26000022888184,24.26000022888184,121488166
2022-01-19 00:00:00+08:00,24.26000022888184,24.420000076293945,24.100000381469727,24.21999931335449,24.21999931335449,86583949
2022-01-20 00:00:00+08:00,24.36000061035156,25.100000381469727,24.36000061035156,25.07999992370605,25.07999992370605,120509638
2022-01-21 00:00:00+08:00,25.0,25.1200008392334,24.8799991607666,25.059999465942383,25.059999465942383,68885753
2022-01-24 00:00:00+08:00,24.899999618530277,24.940000534057617,24.71999931335449,24.799999237060547,24.799999237060547,112373404
2022-01-25 00:00:00+08:00,24.36000061035156,24.520000457763672,24.13999938964844,24.399999618530277,24.399999618530277,293789413
2022-01-26 00:00:00+08:00,24.5,24.6200008392334,24.26000022888184,24.399999618530277,24.399999618530277,180807801
2022-01-27 00:00:00+08:00,24.26000022888184,24.26000022888184,23.700000762939453,23.920000076293945,23.920000076293945,291671561
2022-01-28 00:00:00+08:00,23.979999542236328,24.020000457763672,23.63999938964844,23.68000030517578,23.68000030517578,162818577
2022-01-31 00:00:00+08:00,24.0,24.0,24.0,24.0,24.0,0
2022-02-04 00:00:00+08:00,24.3799991607666,24.76000022888184,24.280000686645508,24.700000762939453,24.700000762939453,220027120
2022-02-07 00:00:00+08:00,24.68000030517578,24.739999771118164,24.5,24.68000030517578,24.68000030517578,147467524
2022-02-08 00:00:00+08:00,24.68000030517578,24.700000762939453,24.299999237060547,24.479999542236328,24.479999542236328,112232200
2022-02-09 00:00:00+08:00,24.86000061035156,25.040000915527344,24.81999969482422,24.959999084472656,24.959999084472656,108838723
2022-02-10 00:00:00+08:00,25.15999984741211,25.15999984741211,24.799999237060547,25.040000915527344,25.040000915527344,165812867
2022-02-11 00:00:00+08:00,24.959999084472656,25.100000381469727,24.8799991607666,25.020000457763672,25.020000457763672,161166266
2022-02-14 00:00:00+08:00,24.81999969482422,24.8799991607666,24.6200008392334,24.68000030517578,24.68000030517578,117839230
2022-02-15 00:00:00+08:00,24.600000381469727,24.71999931335449,24.36000061035156,24.459999084472656,24.459999084472656,97270099
2022-02-16 00:00:00+08:00,24.71999931335449,24.899999618530277,24.68000030517578,24.81999969482422,24.81999969482422,83316978
2022-02-17 00:00:00+08:00,24.8799991607666,25.020000457763672,24.65999984741211,24.920000076293945,24.920000076293945,79639813
2022-02-18 00:00:00+08:00,24.84000015258789,24.899999618530277,24.420000076293945,24.479999542236328,24.479999542236328,157742281
2022-02-21 00:00:00+08:00,24.239999771118164,24.36000061035156,24.13999938964844,24.34000015258789,24.34000015258789,206095688
2022-02-22 00:00:00+08:00,23.899999618530277,23.959999084472656,23.479999542236328,23.6200008392334,23.6200008392334,245696511
2022-02-23 00:00:00+08:00,23.700000762939453,23.8799991607666,23.63999938964844,23.799999237060547,23.799999237060547,105482891
2022-02-24 00:00:00+08:00,23.34000015258789,23.5,22.920000076293945,23.059999465942383,23.059999465942383,275542543
2022-02-25 00:00:00+08:00,23.07999992370605,23.18000030517578,22.86000061035156,22.920000076293945,22.920000076293945,161061239
2022-02-28 00:00:00+08:00,22.899999618530277,22.920000076293945,22.540000915527344,22.8799991607666,22.8799991607666,150645680
2022-03-01 00:00:00+08:00,22.8799991607666,23.059999465942383,22.700000762939453,22.8799991607666,22.8799991607666,79088077
2022-03-02 00:00:00+08:00,22.68000030517578,22.81999969482422,22.420000076293945,22.5,22.5,76953861
2022-03-03 00:00:00+08:00,22.57999992370605,22.65999984741211,22.5,22.63999938964844,22.63999938964844,94225845
2022-03-04 00:00:00+08:00,22.1200008392334,22.15999984741211,21.959999084472656,22.059999465942383,22.059999465942383,192679175
2022-03-07 00:00:00+08:00,21.5,21.5,20.959999084472656,21.21999931335449,21.21999931335449,217260223
2022-03-08 00:00:00+08:00,21.280000686645508,21.440000534057617,20.76000022888184,20.8799991607666,20.8799991607666,262888986
2022-03-09 00:00:00+08:00,21.0,21.1200008392334,20.239999771118164,20.780000686645508,20.780000686645508,385661835
2022-03-10 00:00:00+08:00,21.18000030517578,21.299999237060547,20.899999618530277,21.100000381469727,21.100000381469727,189308317
2022-03-11 00:00:00+08:00,20.600000381469727,20.979999542236328,20.26000022888184,20.799999237060547,20.799999237060547,299614705
2022-03-14 00:00:00+08:00,20.420000076293945,20.420000076293945,19.6200008392334,19.799999237060547,19.799999237060547,374531525
2022-03-15 00:00:00+08:00,19.299999237060547,19.59000015258789,18.440000534057617,18.649999618530277,18.649999618530277,725229821
2022-03-16 00:00:00+08:00,19.149999618530277,20.31999969482422,18.76000022888184,20.239999771118164,20.239999771118164,959365527
2022-03-17 00:00:00+08:00,21.399999618530277,21.68000030517578,20.959999084472656,21.68000030517578,21.68000030517578,446335081
2022-03-18 00:00:00+08:00,21.399999618530277,21.84000015258789,21.1200008392334,21.65999984741211,21.65999984741211,346781338
2022-03-21 00:00:00+08:00,22.0,22.0,21.280000686645508,21.399999618530277,21.399999618530277,156740616
2022-03-22 00:00:00+08:00,21.540000915527344,22.1200008392334,21.459999084472656,22.07999992370605,22.07999992370605,134745528
2022-03-23 00:00:00+08:00,22.21999931335449,22.600000381469727,22.15999984741211,22.31999969482422,22.31999969482422,162530898
2022-03-24 00:00:00+08:00,22.13999938964844,22.420000076293945,22.07999992370605,22.13999938964844,22.13999938964844,89109173
2022-03-25 00:00:00+08:00,21.959999084472656,22.13999938964844,21.479999542236328,21.57999992370605,21.57999992370605,132397848
2022-03-28 00:00:00+08:00,21.600000381469727,21.979999542236328,21.420000076293945,21.8799991607666,21.8799991607666,91437684
2022-03-29 00:00:00+08:00,21.979999542236328,22.1200008392334,21.920000076293945,22.1200008392334,22.1200008392334,151972062
2022-03-30 00:00:00+08:00,22.299999237060547,22.57999992370605,22.239999771118164,22.399999618530277,22.399999618530277,123674302
2022-03-31 00:00:00+08:00,22.399999618530277,22.420000076293945,22.100000381469727,22.280000686645508,22.280000686645508,67751408
2022-04-01 00:00:00+08:00,21.899999618530277,22.26000022888184,21.739999771118164,22.26000022888184,22.26000022888184,150712483
2022-04-04 00:00:00+08:00,22.440000534057617,22.739999771118164,22.31999969482422,22.700000762939453,22.700000762939453,141865829
2022-04-06 00:00:00+08:00,22.459999084472656,22.459999084472656,22.21999931335449,22.26000022888184,22.26000022888184,93337163
2022-04-07 00:00:00+08:00,22.13999938964844,22.420000076293945,21.959999084472656,22.020000457763672,22.020000457763672,158108533
2022-04-08 00:00:00+08:00,21.959999084472656,22.100000381469727,21.76000022888184,22.100000381469727,22.100000381469727,159529589
2022-04-11 00:00:00+08:00,21.8799991607666,21.8799991607666,21.34000015258789,21.420000076293945,21.420000076293945,229730506
2022-04-12 00:00:00+08:00,21.479999542236328,21.71999931335449,21.18000030517578,21.520000457763672,21.520000457763672,160726582
2022-04-13 00:00:00+08:00,21.420000076293945,21.71999931335449,21.31999969482422,21.57999992370605,21.57999992370605,165232208
2022-04-14 00:00:00+08:00,21.6200008392334,21.799999237060547,21.559999465942383,21.71999931335449,21.71999931335449,160482665
2022-04-19 00:00:00+08:00,21.36000061035156,21.399999618530277,21.059999465942383,21.21999931335449,21.21999931335449,223582735
2022-04-20 00:00:00+08:00,21.15999984741211,21.420000076293945,21.07999992370605,21.1200008392334,21.1200008392334,100551024
2022-04-21 00:00:00+08:00,21.059999465942383,21.1200008392334,20.700000762939453,20.8799991607666,20.8799991607666,255424874
2022-04-22 00:00:00+08:00,20.6200008392334,20.920000076293945,20.3799991607666,20.84000015258789,20.84000015258789,198194659
2022-04-25 00:00:00+08:00,20.459999084472656,20.459999084472656,20.0,20.15999984741211,20.15999984741211,335529767
2022-04-26 00:00:00+08:00,20.21999931335449,20.459999084472656,20.040000915527344,20.13999938964844,20.13999938964844,177785714
2022-04-27 00:00:00+08:00,19.950000762939453,20.239999771118164,19.8799991607666,20.13999938964844,20.13999938964844,208013046
2022-04-28 00:00:00+08:00,20.21999931335449,20.399999618530277,20.059999465942383,20.3799991607666,20.3799991607666,238588290
2022-04-29 00:00:00+08:00,20.299999237060547,21.299999237060547,20.13999938964844,21.21999931335449,21.21999931335449,206283784
2022-05-03 00:00:00+08:00,21.040000915527344,21.420000076293945,20.739999771118164,21.21999931335449,21.21999931335449,107559286
2022-05-04 00:00:00+08:00,21.21999931335449,21.21999931335449,20.899999618530277,20.979999542236328,20.979999542236328,90084634
2022-05-05 00:00:00+08:00,21.280000686645508,21.399999618530277,20.8799991607666,20.8799991607666,20.8799991607666,126517083
2022-05-06 00:00:00+08:00,20.3799991607666,20.440000534057617,20.07999992370605,20.13999938964844,20.13999938964844,212494873
2022-05-10 00:00:00+08:00,19.459999084472656,19.8700008392334,19.299999237060547,19.71999931335449,19.71999931335449,167354025
2022-05-11 00:00:00+08:00,19.670000076293945,20.200000762939453,19.57999992370605,19.959999084472656,19.959999084472656,168822870
2022-05-12 00:00:00+08:00,19.6299991607666,19.82999992370605,19.459999084472656,19.46999931335449,19.46999931335449,103657448
2022-05-13 00:00:00+08:00,19.670000076293945,20.059999465942383,19.670000076293945,20.0,20.0,117490271
2022-05-16 00:00:00+08:00,20.200000762939453,20.280000686645508,19.8799991607666,20.059999465942383,20.059999465942383,48172951
2022-05-17 00:00:00+08:00,20.1200008392334,20.739999771118164,20.1200008392334,20.71999931335449,20.71999931335449,98356864
2022-05-18 00:00:00+08:00,20.700000762939453,20.84000015258789,20.5,20.739999771118164,20.739999771118164,142581838
2022-05-19 00:00:00+08:00,20.26000022888184,20.420000076293945,20.040000915527344,20.280000686645508,20.280000686645508,133236386
2022-05-20 00:00:00+08:00,20.600000381469727,20.940000534057617,20.540000915527344,20.86000061035156,20.86000061035156,160190938
2022-05-23 00:00:00+08:00,20.799999237060547,20.799999237060547,20.440000534057617,20.6200008392334,20.6200008392334,150373246
2022-05-24 00:00:00+08:00,20.6200008392334,20.700000762939453,20.15999984741211,20.31999969482422,20.31999969482422,198966206
2022-05-25 00:00:00+08:00,20.31999969482422,20.57999992370605,20.280000686645508,20.3799991607666,20.3799991607666,112669338
2022-05-26 00:00:00+08:00,20.479999542236328,20.479999542236328,20.07999992370605,20.299999237060547,20.299999237060547,174165709
2022-05-27 00:00:00+08:00,20.799999237060547,21.0,20.71999931335449,20.920000076293945,20.920000076293945,214806299
2022-05-30 00:00:00+08:00,21.13999938964844,21.3799991607666,21.100000381469727,21.31999969482422,21.31999969482422,265929929
2022-05-31 00:00:00+08:00,21.299999237060547,21.63999938964844,21.26000022888184,21.6200008392334,21.6200008392334,190120151
2022-06-01 00:00:00+08:00,21.68000030517578,21.68000030517578,21.420000076293945,21.520000457763672,21.520000457763672,123915116
2022-06-02 00:00:00+08:00,21.280000686645508,21.3799991607666,21.1200008392334,21.34000015258789,21.34000015258789,81242588
2022-06-06 00:00:00+08:00,21.5,21.959999084472656,21.280000686645508,21.899999618530277,21.899999618530277,175221440
2022-06-07 00:00:00+08:00,21.76000022888184,22.020000457763672,21.65999984741211,21.799999237060547,21.799999237060547,109107533
2022-06-08 00:00:00+08:00,22.040000915527344,22.34000015258789,22.0,22.26000022888184,22.26000022888184,134122104
2022-06-09 00:00:00+08:00,22.299999237060547,22.440000534057617,22.059999465942383,22.15999984741211,22.15999984741211,144656622
2022-06-10 00:00:00+08:00,21.84000015258789,22.239999771118164,21.799999237060547,22.1200008392334,22.1200008392334,163233429
2022-06-13 00:00:00+08:00,21.459999084472656,21.6200008392334,21.299999237060547,21.34000015258789,21.34000015258789,177929084
2022-06-14 00:00:00+08:00,21.13999938964844,21.479999542236328,21.040000915527344,21.36000061035156,21.36000061035156,183426553
2022-06-15 00:00:00+08:00,21.3799991607666,21.739999771118164,21.3799991607666,21.63999938964844,21.63999938964844,205830198
2022-06-16 00:00:00+08:00,21.81999969482422,21.84000015258789,21.0,21.15999984741211,21.15999984741211,216838412
2022-06-17 00:00:00+08:00,21.07999992370605,21.479999542236328,21.040000915527344,21.459999084472656,21.459999084472656,143787848
2022-06-20 00:00:00+08:00,21.399999618530277,21.520000457763672,21.18000030517578,21.520000457763672,21.520000457763672,148421430
2022-06-21 00:00:00+08:00,21.6200008392334,21.899999618530277,21.5,21.8799991607666,21.8799991607666,109510200
2022-06-22 00:00:00+08:00,21.799999237060547,21.81999969482422,21.34000015258789,21.34000015258789,21.34000015258789,146217481
2022-06-23 00:00:00+08:00,21.479999542236328,21.799999237060547,21.36000061035156,21.6200008392334,21.6200008392334,75195644
2022-06-24 00:00:00+08:00,21.780000686645508,22.100000381469727,21.76000022888184,22.040000915527344,22.040000915527344,160960759
2022-06-27 00:00:00+08:00,22.299999237060547,22.739999771118164,22.299999237060547,22.57999992370605,22.57999992370605,228885478
2022-06-28 00:00:00+08:00,22.5,22.799999237060547,22.299999237060547,22.71999931335449,22.71999931335449,129104801
2022-06-29 00:00:00+08:00,22.5,22.700000762939453,22.26000022888184,22.3799991607666,22.3799991607666,189812471
2022-06-30 00:00:00+08:00,22.3799991607666,22.520000457763672,22.1200008392334,22.280000686645508,22.280000686645508,135900539
2022-07-04 00:00:00+08:00,22.200000762939453,22.36000061035156,21.899999618530277,22.280000686645508,22.280000686645508,117672839
2022-07-05 00:00:00+08:00,22.540000915527344,22.65999984741211,22.280000686645508,22.31999969482422,22.31999969482422,142234384
2022-07-06 00:00:00+08:00,22.239999771118164,22.299999237060547,21.76000022888184,22.020000457763672,22.020000457763672,195911748
2022-07-07 00:00:00+08:00,21.959999084472656,22.18000030517578,21.739999771118164,22.18000030517578,22.18000030517578,111410111
2022-07-08 00:00:00+08:00,22.479999542236328,22.5,22.13999938964844,22.21999931335449,22.21999931335449,241540824
2022-07-11 00:00:00+08:00,22.0,22.0,21.520000457763672,21.63999938964844,21.63999938964844,181809122
2022-07-12 00:00:00+08:00,21.5,21.600000381469727,21.299999237060547,21.36000061035156,21.36000061035156,223568540
2022-07-13 00:00:00+08:00,21.3799991607666,21.559999465942383,21.26000022888184,21.34000015258789,21.34000015258789,126107341
2022-07-14 00:00:00+08:00,21.299999237060547,21.399999618530277,21.059999465942383,21.239999771118164,21.239999771118164,180926111
2022-07-15 00:00:00+08:00,21.040000915527344,21.18000030517578,20.71999931335449,20.84000015258789,20.84000015258789,237612829
2022-07-18 00:00:00+08:00,20.940000534057617,21.399999618530277,20.81999969482422,21.36000061035156,21.36000061035156,347911100
2022-07-19 00:00:00+08:00,21.239999771118164,21.280000686645508,21.059999465942383,21.21999931335449,21.21999931335449,148132638
2022-07-20 00:00:00+08:00,21.440000534057617,21.63999938964844,21.399999618530277,21.440000534057617,21.440000534057617,148406712
2022-07-21 00:00:00+08:00,21.31999969482422,21.34000015258789,21.020000457763672,21.07999992370605,21.07999992370605,154950274
2022-07-22 00:00:00+08:00,21.18000030517578,21.31999969482422,21.040000915527344,21.100000381469727,21.100000381469727,150992320
2022-07-25 00:00:00+08:00,20.959999084472656,21.1200008392334,20.86000061035156,21.1200008392334,21.1200008392334,275555313
2022-07-26 00:00:00+08:00,21.1200008392334,21.479999542236328,21.1200008392334,21.459999084472656,21.459999084472656,350877249
2022-07-27 00:00:00+08:00,21.26000022888184,21.299999237060547,21.100000381469727,21.200000762939453,21.200000762939453,225013358
2022-07-28 00:00:00+08:00,21.280000686645508,21.299999237060547,21.040000915527344,21.1200008392334,21.1200008392334,109339105
2022-07-29 00:00:00+08:00,21.1200008392334,21.18000030517578,20.559999465942383,20.68000030517578,20.68000030517578,263380071
2022-08-01 00:00:00+08:00,20.540000915527344,20.76000022888184,20.399999618530277,20.68000030517578,20.68000030517578,204872347
2022-08-02 00:00:00+08:00,20.420000076293945,20.420000076293945,20.020000457763672,20.200000762939453,20.200000762939453,212381789
2022-08-03 00:00:00+08:00,20.399999618530277,20.440000534057617,20.200000762939453,20.280000686645508,20.280000686645508,113976872
2022-08-04 00:00:00+08:00,20.479999542236328,20.739999771118164,20.479999542236328,20.68000030517578,20.68000030517578,120567418
2022-08-05 00:00:00+08:00,20.739999771118164,20.799999237060547,20.600000381469727,20.700000762939453,20.700000762939453,74586466
2022-08-08 00:00:00+08:00,20.6200008392334,20.700000762939453,20.459999084472656,20.559999465942383,20.559999465942383,133055217
2022-08-09 00:00:00+08:00,20.559999465942383,20.780000686645508,20.36000061035156,20.5,20.5,99052923
2022-08-10 00:00:00+08:00,20.479999542236328,20.479999542236328,19.989999771118164,20.13999938964844,20.13999938964844,112519454
2022-08-11 00:00:00+08:00,20.36000061035156,20.600000381469727,20.31999969482422,20.57999992370605,20.57999992370605,107900523
2022-08-12 00:00:00+08:00,20.57999992370605,20.739999771118164,20.540000915527344,20.71999931335449,20.71999931335449,177748177
2022-08-15 00:00:00+08:00,20.57999992370605,20.780000686645508,20.5,20.57999992370605,20.57999992370605,90812276
2022-08-16 00:00:00+08:00,20.600000381469727,20.700000762939453,20.200000762939453,20.34000015258789,20.34000015258789,108748831
2022-08-17 00:00:00+08:00,20.5,20.600000381469727,20.31999969482422,20.420000076293945,20.420000076293945,66299725
2022-08-18 00:00:00+08:00,20.520000457763672,20.520000457763672,20.200000762939453,20.280000686645508,20.280000686645508,126065303
2022-08-19 00:00:00+08:00,20.200000762939453,20.440000534057617,20.18000030517578,20.31999969482422,20.31999969482422,125036387
2022-08-22 00:00:00+08:00,20.15999984741211,20.3799991607666,20.100000381469727,20.280000686645508,20.280000686645508,75218569
2022-08-23 00:00:00+08:00,20.18000030517578,20.239999771118164,19.90999984741211,20.040000915527344,20.040000915527344,210017061
2022-08-24 00:00:00+08:00,20.07999992370605,20.07999992370605,19.71999931335449,19.799999237060547,19.799999237060547,124167267
2022-08-25 00:00:00+08:00,19.959999084472656,20.520000457763672,19.959999084472656,20.5,20.5,122769830
2022-08-26 00:00:00+08:00,20.700000762939453,20.739999771118164,20.600000381469727,20.700000762939453,20.700000762939453,158081097
2022-08-29 00:00:00+08:00,20.479999542236328,20.6200008392334,20.420000076293945,20.520000457763672,20.520000457763672,105587191
2022-08-30 00:00:00+08:00,20.520000457763672,20.57999992370605,20.18000030517578,20.5,20.5,123537922
2022-08-31 00:00:00+08:00,20.15999984741211,20.71999931335449,20.100000381469727,20.5,20.5,82764525
2022-09-01 00:00:00+08:00,20.31999969482422,20.399999618530277,20.100000381469727,20.200000762939453,20.200000762939453,143801531
2022-09-02 00:00:00+08:00,20.200000762939453,20.200000762939453,19.90999984741211,20.040000915527344,20.040000915527344,177306346
2022-09-05 00:00:00+08:00,19.84000015258789,19.8700008392334,19.6299991607666,19.799999237060547,19.799999237060547,105819505
2022-09-06 00:00:00+08:00,19.8799991607666,19.96999931335449,19.709999084472656,19.809999465942383,19.809999465942383,160937964
2022-09-07 00:00:00+08:00,19.489999771118164,19.700000762939453,19.420000076293945,19.670000076293945,19.670000076293945,191017912
2022-09-08 00:00:00+08:00,19.690000534057617,19.690000534057617,19.43000030517578,19.479999542236328,19.479999542236328,103353915
2022-09-09 00:00:00+08:00,19.540000915527344,20.059999465942383,19.540000915527344,20.0,20.0,156423869
2022-09-13 00:00:00+08:00,20.059999465942383,20.13999938964844,19.940000534057617,19.96999931335449,19.96999931335449,123836680
2022-09-14 00:00:00+08:00,19.549999237060547,19.6200008392334,19.43000030517578,19.5,19.5,317277119
2022-09-15 00:00:00+08:00,19.5,19.649999618530277,19.489999771118164,19.559999465942383,19.559999465942383,82111227
2022-09-16 00:00:00+08:00,19.38999938964844,19.559999465942383,19.309999465942383,19.399999618530277,19.399999618530277,215903004
2022-09-19 00:00:00+08:00,19.36000061035156,19.36000061035156,19.13999938964844,19.190000534057617,19.190000534057617,373475875
2022-09-20 00:00:00+08:00,19.36000061035156,19.520000457763672,19.32999992370605,19.440000534057617,19.440000534057617,49941489
2022-09-21 00:00:00+08:00,19.299999237060547,19.299999237060547,19.09000015258789,19.11000061035156,19.11000061035156,255186950
2022-09-22 00:00:00+08:00,18.75,18.84000015258789,18.6200008392334,18.809999465942383,18.809999465942383,133429891
2022-09-23 00:00:00+08:00,18.71999931335449,18.81999969482422,18.57999992370605,18.57999992370605,18.57999992370605,106938227
2022-09-26 00:00:00+08:00,18.440000534057617,18.729999542236328,18.3799991607666,18.5,18.5,143362187
2022-09-27 00:00:00+08:00,18.520000457763672,18.559999465942383,18.299999237060547,18.520000457763672,18.520000457763672,330720570
2022-09-28 00:00:00+08:00,18.32999992370605,18.32999992370605,17.81999969482422,17.899999618530273,17.899999618530273,361393488
2022-09-29 00:00:00+08:00,18.200000762939453,18.280000686645508,17.670000076293945,17.799999237060547,17.799999237060547,160991346
